X	Y
0	103.0000
1	107.0566
2	110.2002
3	111.6434
4	111.7293
5	111.0606
6	111.4953
7	112.6137
8	114.2936
9	114.6667
10	115.0696
11	115.4471
12	115.7242
13	116.1846
14	116.5012
15	116.6667
16	116.1450
17	115.7271
18	116.0321
19	116.7067
20	117.1752
21	116.6667
22	116.8941
23	117.0886
24	117.4111
25	118.6667
26	118.8894
27	119.7724
28	120.2945
29	119.6622
30	119.2877
31	118.1131
32	117.5469
33	114.6801
34	115.6502
35	117.5740
36	118.5905
37	119.5606
38	118.7733
39	117.8326
40	116.8625
41	117.4847
42	116.7361
43	115.1152
44	114.8918
45	116.0059
46	118.0726
47	119.0654
48	118.5402
49	118.0235
50	117.7930
51	117.7355
52	117.1716
53	116.1657
54	115.4738
55	115.5818
56	116.8222
57	117.9869
58	118.2661
59	119.1632
60	119.5622
61	120.0000
62	120.3243
63	122.0326
64	122.6537
65	124.5552
66	124.9665
67	124.0022
68	124.0000
69	124.6882
70	124.0695
71	124.2462
72	124.0704
73	123.7583
74	123.9887
75	124.2353
76	123.7040
77	123.6745
78	123.9171
79	124.1596
80	124.7659
81	125.0000
82	125.5486
83	125.8703
84	125.6278
85	125.3853
86	125.5718
87	126.0398
88	126.7116
89	127.5848
90	127.9839
91	128.5430
92	129.0989
93	129.4312
94	129.4589
95	129.1797
96	128.7460
97	129.9060
98	130.3873
99	131.3333
100	131.3281
101	131.3238
102	131.3568
103	131.3333
104	131.3333
105	131.3333
106	130.5022
107	131.8960
108	132.1405
109	131.8980
110	132.8494
111	133.3333
112	133.4395
113	133.7388
114	133.9813
115	134.2854
116	134.3333
117	134.2083
118	134.5695
119	135.0546
120	135.2302
121	134.9876
122	134.7451
123	134.7709
124	135.4066
125	135.6491
126	135.9947
127	136.3333
128	136.3333
129	136.3333
130	136.3333
131	136.2303
132	135.3468
133	135.6072
134	136.3304
135	136.0836
136	136.3322
137	136.3549
138	136.7980
139	136.3782
140	136.3711
141	137.1182
142	137.3333
143	137.5644
144	136.6967
145	136.3890
146	136.7569
147	136.3945
148	136.2529
149	136.9535
150	137.5168
151	137.6353
152	138.1973
153	137.9072
154	137.5912
155	137.4425
156	137.2791
157	137.2802
158	137.3333
159	137.3333
160	137.1589
161	136.3713
162	136.3333
163	136.3333
164	136.2256
165	134.9169
166	134.0000
167	134.0000
168	134.0000
169	134.9478
170	134.0633
171	133.1617
172	131.4679
173	130.2147
174	129.0686
175	128.0797
176	126.1717
177	125.3546
178	124.6001
179	124.0659
180	123.6786
181	123.1187
182	122.6092
183	121.7732
184	122.6248
185	122.1152
186	121.8308
187	122.2379
188	122.3906
189	125.3427
190	128.8000
191	130.9258
192	132.8253
193	134.0703
194	135.3333
195	135.5538
196	137.0745
197	138.6163
198	141.3535
199	141.6470
200	142.8386
201	143.0811
202	144.2849
203	145.2647
204	146.2348
205	146.3333
206	146.0528
207	146.8118
208	147.3483
209	147.1706
210	146.9498
211	146.3078
212	146.0000
213	146.0000
214	146.2008
215	147.0626
216	148.1332
217	149.5872
218	151.3299
219	152.3398
220	152.6442
221	152.2437
222	151.6366
223	150.9722
224	150.3705
225	149.1579
226	147.9453
227	146.9580
228	147.1840
229	148.0830
230	149.0437
231	151.2412
232	150.5823
233	150.2988
234	149.3333
235	149.3333
236	149.3333
237	149.3333
238	149.3333
239	149.3024
240	148.6783
241	148.4252
242	148.3333
243	147.6464
244	148.0390
245	149.0091
246	149.3333
247	148.7173
248	148.2475
249	147.9443
250	148.5605
251	150.2012
252	151.7454
253	151.9742
254	151.5696
255	151.7689
256	152.2466
257	151.4743
258	149.7590
259	148.5906
260	149.3333
261	149.3333
262	149.5009
263	150.3495
264	150.6667
265	150.7446
266	151.6421
267	150.9258
268	151.6549
269	151.6667
270	152.1475
271	152.1895
272	151.6753
273	151.8425
274	152.5620
275	153.2078
276	153.6039
277	153.2135
278	153.8657
279	154.3315
280	153.4317
281	152.3669
282	152.1054
283	152.4258
284	152.6691
285	152.7867
286	153.3161
287	153.6667
288	153.6667
289	153.6667
290	153.6667
291	153.6667
292	153.8880
293	154.6812
294	154.9055
295	154.6667
296	154.5659
297	154.0303
298	154.2728
299	154.5154
300	154.7655
301	155.0000
302	155.0000
303	155.0000
304	155.0000
305	153.2358
306	153.2131
307	153.9033
308	154.5532
309	154.9406
310	155.0000
311	155.0000
312	155.0000
313	154.4144
314	154.5191
315	154.6042
316	154.3617
317	154.1192
318	154.0000
319	154.0000
320	153.8302
321	153.9111
322	153.9415
323	154.3440
324	154.8183
325	154.1281
326	153.6983
327	153.0000
328	153.0000
329	152.8354
330	152.0000
331	152.0000
332	152.0750
333	153.0000
334	153.0151
335	153.7426
336	153.9782
337	154.0000
338	154.0000
339	154.0000
340	153.6164
341	153.2985
342	153.0560
343	153.6069
344	153.8782
345	154.6863
346	155.6000
347	156.2151
348	155.4440
349	155.0803
350	155.1158
351	154.4931
352	154.0000
353	154.0000
354	153.5827
355	153.0375
356	153.2180
357	153.0000
358	153.0000
359	153.0000
360	153.0000
361	153.0000
362	152.8585
363	152.0000
364	152.0000
365	152.0000
366	152.0000
367	152.0072
368	152.2497
369	152.4922
370	152.7347
371	152.9773
372	152.7802
373	152.5377
374	152.0533
375	152.0000
376	152.0000
377	152.0000
378	152.0000
379	153.9544
380	154.3600
381	153.6355
382	153.0648
383	152.8257
384	152.4172
385	152.0000
386	151.5394
387	151.0000
388	151.0000
389	150.6291
390	150.0000
391	150.2576
392	151.0703
393	151.2342
394	150.9015
395	150.4535
396	148.9596
397	148.6226
398	148.0000
399	148.0000
400	148.0004
401	148.2500
402	148.0088
403	148.0000
404	146.1550
405	146.0000
406	145.5390
407	146.5410
408	146.2269
409	146.8169
410	147.3239
411	147.6783
412	146.6082
413	146.1634
414	146.1528
415	146.0000
416	146.0000
417	146.0000
418	146.0000
419	146.1809
420	146.0772
421	146.0000
422	145.8669
423	145.6201
424	145.6754
425	145.0000
426	145.0000
427	145.2350
428	145.7950
429	144.9923
430	144.7553
431	145.0000
432	144.9805
433	144.9313
434	143.9914
435	143.6681
436	142.7008
437	142.0427
438	141.0726
439	140.1238
440	139.7559
441	139.1752
442	139.0420
443	138.5757
444	138.1863
445	138.6440
446	139.0000
447	139.0000
448	138.7886
449	138.3170
450	138.0000
451	138.0000
452	138.0000
453	138.4577
454	138.5722
455	138.0000
456	137.7822
457	137.2214
458	137.0000
459	137.0000
460	137.0000
461	137.1331
462	137.8114
463	136.8413
464	135.9314
465	135.1263
466	133.9321
467	133.2235
468	132.3333
469	132.3333
470	131.3958
471	132.0230
472	131.8609
473	132.4782
474	132.3759
475	133.1333
476	133.3333
477	133.3333
478	133.3848
479	133.1632
480	132.6523
481	132.0230
482	131.5380
483	131.9557
484	132.3333
485	132.3333
486	131.3287
487	130.7746
488	131.5995
489	131.5836
490	130.9818
491	130.3333
492	130.6251
493	131.4814
494	131.4899
495	129.1312
496	127.9889
497	126.1910
498	125.2209
499	124.2731
500	123.8984
501	124.8503
502	125.3315
503	126.2963
504	128.2151
505	129.2365
506	127.5868
507	126.4900
508	126.2954
509	126.6827
510	126.2681
511	126.3143
512	126.2130
513	125.5296
514	125.3333
515	125.2736
516	124.6766
517	123.4028
518	122.5136
519	122.8804
520	123.2197
521	123.4020
522	123.9711
523	124.3333
524	124.3053
525	123.8014
526	123.3333
527	122.8887
528	121.3333
529	121.1477
530	120.3333
531	120.3333
532	120.2373
533	119.3818
534	119.8427
535	120.3207
536	118.3805
537	118.3333
538	118.3333
539	118.3333
540	118.3333
541	119.1961
542	119.3333
543	119.3333
544	120.0222
545	119.3902
546	118.7742
547	118.4508
548	117.5098
549	117.0000
550	117.1860
551	117.3333
552	117.3333
553	117.2163
554	117.1314
555	117.3333
556	117.3333
557	117.3333
558	117.3333
559	117.3333
560	117.0744
561	116.3333
562	116.5325
563	117.3333
564	117.4727
565	118.2786
566	117.8150
567	117.8209
568	117.5537
569	116.3435
570	116.1029
571	115.3695
572	114.4331
573	114.9135
574	115.0000
575	115.0000
576	115.0000
577	114.9532
578	114.8701
579	114.5773
580	114.3347
581	114.0922
582	113.4292
583	114.0390
584	114.9130
585	115.7853
586	115.7892
587	115.3333
588	115.3333
589	115.3333
590	115.3333
591	115.1118
592	114.7349
593	114.6058
594	115.3333
595	115.3333
596	115.3333
597	115.3333
598	115.3333
599	115.3333
600	115.3333
601	115.3666
602	116.3291
603	115.3534
604	115.7918
605	114.7307
606	114.3624
607	115.1872
608	115.3333
609	115.3333
610	113.5502
611	113.1836
612	113.8304
613	114.0000
614	114.0000
615	114.0000
616	114.0000
617	114.0000
618	114.0000
619	114.0000
620	114.0000
621	114.0000
622	114.0000
623	114.0000
624	114.0000
625	114.0000
626	114.0000
627	114.0000
628	114.0000
629	114.0000
630	114.0000
631	114.0000
632	114.0000
633	114.0000
634	114.0356
635	114.9959
636	114.9968
637	116.9141
638	117.6785
639	117.9743
640	118.1881
641	119.2968
642	120.5095
643	120.1667
644	119.6261
645	119.4494
646	118.8657
647	118.7166
648	120.1578
649	121.4378
650	122.5684
651	123.0000
652	122.9353
653	122.1516
654	120.6642
655	119.2297
656	118.9622
657	118.4231
658	118.0000
659	118.3518
660	119.2695
661	120.3194
662	121.3333
663	121.3333
664	121.5151
665	122.4533
666	123.4234
667	124.3333
668	124.3407
669	124.3333
670	124.3333
671	125.2740
672	127.1142
673	127.5273
674	127.9696
675	126.9053
676	126.6254
677	126.6667
678	126.6667
679	127.1404
680	127.6948
681	128.3658
682	128.9132
683	128.9366
684	129.0347
685	129.4639
686	130.1986
687	131.1266
688	131.7044
689	132.3333
690	132.3333
691	132.3333
692	132.5924
693	133.3333
694	133.3333
695	133.3333
696	133.3333
697	133.3333
698	133.3333
699	133.3333
700	133.2596
701	132.3771
702	133.3333
703	133.3333
704	133.3333
705	133.3508
706	133.1098
707	133.2701
708	133.5765
709	134.9128
710	135.3333
711	134.9134
712	134.0415
713	133.4121
714	133.3333
715	133.7045
716	134.2799
717	135.5115
718	136.1994
719	135.6416
720	135.3333
721	135.4202
722	135.7099
723	136.0132
724	136.2557
725	137.1509
726	138.9631
727	139.9332
728	140.9033
729	141.6667
730	141.8799
731	142.7088
732	143.3061
733	143.9423
734	144.7231
735	145.4169
736	145.6654
737	146.6342
738	146.6667
739	147.5745
740	148.5446
741	149.2704
742	149.6584
743	149.0338
744	149.8646
745	150.5803
746	151.4178
747	152.3353
748	153.3054
749	153.6667
750	153.5346
751	153.3333
752	153.5305
753	154.1404
754	154.7927
755	155.3333
756	155.7329
757	156.3333
758	156.1068
759	155.6667
760	155.6667
761	155.9168
762	156.6667
763	156.6757
764	157.1241
765	158.0000
766	158.0000
767	158.0177
768	158.2904
769	159.0000
770	159.0000
771	159.0000
772	159.0000
773	159.4699
774	158.6684
775	159.6773
776	160.0397
777	160.0000
778	160.0000
779	160.0000
780	160.5658
781	160.8563
782	161.0000
783	161.5924
784	161.9385
785	162.7367
786	163.9402
787	163.9154
788	162.4954
789	162.4131
790	163.6114
791	164.2460
792	163.3234
793	164.0000
794	164.2636
795	165.0000
796	165.2444
797	165.7102
798	164.3333
799	164.4474
800	165.3123
801	165.0697
802	164.8272
803	164.5847
804	165.2897
805	165.3333
806	165.3333
807	165.9622
808	165.4823
809	165.0919
810	164.8870
811	164.1242
812	164.0965
813	164.4543
814	165.1382
815	165.9691
816	165.1215
817	164.9704
818	165.5444
819	165.6377
820	165.3958
821	165.3333
822	165.3333
823	165.1743
824	165.5417
825	166.3333
826	166.3333
827	166.3333
828	166.3333
829	166.3333
830	166.3333
831	166.3333
832	166.3612
833	166.3333
834	166.3107
835	166.0000
836	166.0000
837	166.0000
838	165.7752
839	165.5204
840	164.6364
841	164.8989
842	165.0000
843	165.7987
844	165.4678
845	165.0653
846	164.8227
847	164.8653
848	165.6493
849	166.0000
850	165.9395
851	166.0000
852	166.0000
853	166.0000
854	166.0000
855	166.1584
856	166.7655
857	166.6198
858	166.0000
859	166.4262
860	167.4063
861	166.9131
862	166.3916
863	165.4658
864	164.7448
865	164.7101
866	163.6914
867	163.7260
868	164.1802
869	164.6667
870	164.6667
871	164.6667
872	165.1485
873	165.5955
874	165.6667
875	164.8246
876	164.2987
877	163.9711
878	162.9762
879	162.6667
880	162.4980
881	162.8873
882	162.9419
883	163.1507
884	162.5948
885	162.0000
886	161.4867
887	161.0624
888	160.5465
889	160.0000
890	159.9403
891	159.5784
892	159.0000
893	158.6960
894	157.7756
895	157.0461
896	156.8507
897	156.5461
898	156.7886
899	157.0312
900	157.2478
901	156.9352
902	156.0000
903	156.0000
904	156.0000
905	156.0000
906	155.7518
907	155.1113
908	154.7861
909	154.0948
910	154.7958
911	154.3238
912	154.0000
913	154.7061
914	155.0000
915	154.3537
916	154.0000
917	154.0000
918	154.0000
919	154.0000
920	153.3790
921	152.3376
922	151.7337
923	151.1482
924	151.3417
925	151.6632
926	151.4206
927	151.1269
928	150.4368
929	148.7722
930	147.8021
931	147.0349
932	146.9655
933	146.7529
934	147.0000
935	147.0000
936	146.9769
937	146.0086
938	145.5107
939	145.3008
940	145.0025
941	145.0285
942	144.6142
943	144.0568
944	143.2206
945	143.0000
946	142.2804
947	141.3103
948	141.0000
949	141.0000
950	139.8000
951	139.0000
952	138.8758
953	138.5548
954	138.3701
955	138.6126
956	137.6542
957	135.6474
958	134.9794
959	134.3899
960	134.0000
961	133.7288
962	132.5979
963	131.2388
964	130.9844
965	130.3333
966	130.3333
967	130.3333
968	130.2714
969	129.3331
970	129.0828
971	128.8403
972	128.5977
973	130.7684
974	130.6323
975	130.1652
976	130.2352
977	129.5643
978	129.1878
979	127.6457
980	127.1081
981	127.9616
982	128.3333
983	128.7423
984	129.0000
985	128.9382
986	128.4762
987	128.0000
988	128.0000
989	127.1932
990	126.0000
991	125.8714
992	125.2713
993	124.6855
994	123.7154
995	123.0000
996	122.8749
997	122.3570
998	122.9587
999	122.7162
1000	122.4737
1001	122.2312
1002	121.9886
1003	121.7345
1004	121.0072
1005	121.2495
1006	118.5495
1007	118.4827
1008	118.5483
1009	118.0477
1010	118.8063
1011	119.0000
1012	119.3260
1013	119.6792
1014	119.3425
1015	119.0000
1016	119.3719
1017	119.7384
1018	120.0000
1019	120.6716
1020	121.3768
1021	122.0968
1022	122.2651
1023	121.6667
1024	122.0545
1025	122.6667
1026	122.3387
1027	121.6667
1028	121.9349
1029	122.6667
1030	122.9858
1031	124.0000
1032	124.0000
1033	124.0000
1034	124.0000
1035	123.9853
1036	123.7502
1037	123.9996
1038	124.4995
1039	124.9412
1040	124.8278
1041	124.2205
1042	124.8428
1043	125.2733
1044	126.1232
1045	126.3333
1046	126.3333
1047	126.2809
1048	126.3333
1049	126.9738
1050	127.3333
1051	127.3333
1052	127.3333
1053	127.3333
1054	127.3333
1055	127.8565
1056	128.7180
1057	129.3843
1058	129.9606
1059	130.0856
1060	129.3333
1061	129.8028
1062	131.2518
1063	131.4946
1064	129.6632
1065	131.3424
1066	133.4655
1067	134.3563
1068	134.4057
1069	135.3648
1070	135.8428
1071	136.5704
1072	138.2396
1073	138.3156
1074	138.7560
1075	139.9123
1076	140.2916
1077	140.2938
1078	141.1068
1079	141.8433
1080	142.3128
1081	142.3874
1082	142.0630
1083	142.0867
1084	142.3333
1085	142.4744
1086	143.2512
1087	143.9594
1088	144.2020
1089	144.4445
1090	144.6870
1091	145.0849
1092	145.6310
1093	146.3333
1094	146.3333
1095	146.4836
1096	147.4225
1097	148.2925
1098	148.3333
1099	148.3439
1100	149.0326
1101	150.4192
1102	151.3333
1103	151.3594
1104	152.3295
1105	151.0449
1106	151.9364
1107	152.9065
1108	153.0000
1109	153.0324
1110	153.0000
1111	152.2131
1112	152.0000
1113	152.7272
1114	153.7500
1115	154.6674
1116	155.4203
1117	156.5095
1118	157.0000
1119	156.4522
1120	156.0000
1121	156.4880
1122	156.9379
1123	157.1529
1124	157.7591
1125	158.3102
1126	159.0000
1127	158.8990
1128	158.4303
1129	158.3432
1130	159.0120
1131	159.4931
1132	160.4925
1133	161.3802
1134	161.3309
1135	161.0151
1136	160.3333
1137	160.3333
1138	160.3333
1139	160.3333
1140	160.8117
1141	160.6108
1142	161.1684
1143	161.5057
1144	161.4232
1145	161.3333
1146	162.0740
1147	162.2819
1148	162.3333
1149	162.7647
1150	162.6764
1151	162.4811
1152	162.1624
1153	161.6299
1154	161.8348
1155	162.3889
1156	162.7999
1157	163.5017
1158	163.6817
1159	163.2817
1160	162.3166
1161	160.9689
1162	160.2940
1163	158.9865
1164	158.4968
1165	157.2842
1166	156.2143
1167	156.0000
1168	156.0829
1169	157.0531
1170	158.0057
1171	158.0017
1172	159.2130
1173	160.4168
1174	160.9736
1175	161.8461
1176	162.0000
1177	162.0000
1178	162.0000
1179	162.0464
1180	162.0000
1181	161.5998
1182	161.2235
1183	161.0000
1184	161.1512
1185	161.7422
1186	162.0000
1187	162.2809
1188	162.3029
1189	161.8649
1190	161.4993
1191	161.5155
1192	161.3346
1193	160.8885
1194	160.5372
1195	160.5356
1196	160.6516
1197	160.5003
1198	161.0000
1199	160.8658
1200	160.0000
1201	159.9036
1202	158.9656
1203	158.2320
1204	157.9916
1205	157.0175
1206	156.5391
1207	156.2707
1208	156.0282
1209	156.0000
1210	156.0000
1211	156.2397
1212	155.9689
1213	154.6607
1214	154.8326
1215	155.0000
1216	154.4090
1217	153.3229
1218	152.7664
1219	152.3604
1220	151.8795
1221	151.1682
1222	150.1980
1223	149.6667
1224	149.3183
1225	148.6308
1226	147.9804
1227	146.7677
1228	145.7930
1229	145.9260
1230	146.7372
1231	147.4162
1232	148.4591
1233	148.5318
1234	147.9931
1235	148.0699
1236	147.3910
1237	146.6466
1238	145.9215
1239	145.6861
1240	144.7361
1241	144.6667
1242	142.9252
1243	142.6667
1244	142.4256
1245	141.8309
1246	140.8221
1247	139.9454
1248	139.6667
1249	140.3281
1250	140.6667
1251	140.6667
1252	140.0949
1253	139.6046
1254	139.0922
1255	138.1846
1256	137.6667
1257	137.2444
1258	136.2742
1259	135.3041
1260	134.6667
1261	134.6667
1262	134.2760
1263	133.1185
1264	131.5852
1265	129.9836
1266	128.8467
1267	127.9113
1268	127.5234
1269	127.8444
1270	129.0084
1271	129.2500
1272	129.0129
1273	128.3052
1274	128.0215
1275	128.0000
1276	128.8543
1277	129.2423
1278	128.1752
1279	127.3815
1280	127.1150
1281	127.0000
1282	126.9452
1283	126.3549
1284	126.0000
1285	126.0000
1286	125.3829
1287	125.0623
1288	125.0000
1289	124.8214
1290	124.8589
1291	125.0603
1292	125.0000
1293	125.2030
1294	125.2507
1295	124.0000
1296	124.1709
1297	124.6667
1298	124.6535
1299	124.6667
1300	124.6667
1301	124.6667
1302	124.6924
1303	124.9691
1304	124.5718
1305	123.6814
1306	123.7363
1307	123.9707
1308	124.0000
1309	123.5948
1310	124.7229
1311	123.5004
1312	122.9352
1313	122.9947
1314	123.5986
1315	123.5249
1316	123.9919
1317	125.3811
1318	126.0000
1319	125.4312
1320	125.6011
1321	126.1920
1322	127.0989
1323	127.8623
1324	128.1048
1325	128.2121
1326	127.8525
1327	127.5580
1328	127.0225
1329	127.6773
1330	129.1333
1331	130.3875
1332	131.5135
1333	132.5406
1334	133.4699
1335	133.2068
1336	133.0152
1337	133.2577
1338	133.5006
1339	133.9925
1340	134.3091
1341	135.4723
1342	136.2704
1343	137.1847
1344	136.5485
1345	136.3333
1346	137.0950
1347	137.3333
1348	138.0352
1349	139.1733
1350	140.3860
1351	141.3862
1352	142.2461
1353	142.3333
1354	142.3333
1355	142.3333
1356	142.3333
1357	142.3333
1358	142.3333
1359	142.3333
1360	142.6765
1361	143.3088
1362	143.1034
1363	143.5868
1364	144.5135
1365	145.5270
1366	146.4971
1367	147.4048
1368	147.9593
1369	146.6001
1370	146.0256
1371	146.5179
1372	147.7305
1373	147.9995
1374	148.2137
1375	150.1376
1376	152.0630
1377	152.2989
1378	152.5346
1379	153.6394
1380	153.1795
1381	153.2113
1382	152.8828
1383	152.8898
1384	153.6154
1385	154.2925
1386	154.9606
1387	155.3333
1388	154.8272
1389	154.2710
1390	154.5067
1391	155.1039
1392	156.3165
1393	156.8732
1394	156.3333
1395	156.3333
1396	156.3333
1397	156.5252
1398	157.3441
1399	157.7527
1400	158.4124
1401	158.8121
1402	156.4409
1403	157.3333
1404	157.3611
1405	158.3312
1406	158.3333
1407	158.3333
1408	158.7666
1409	159.2992
1410	159.3333
1411	158.7877
1412	157.9678
1413	157.2468
1414	158.4577
1415	159.6989
1416	160.0000
1417	159.5783
1418	159.6474
1419	160.0609
1420	160.0000
1421	160.0000
1422	160.0000
1423	159.9379
1424	160.0000
1425	160.0000
1426	160.0000
1427	159.9149
1428	159.4638
1429	159.0000
1430	159.0000
1431	159.0000
1432	159.0000
1433	159.0000
1434	159.1310
1435	159.9773
1436	160.0000
1437	160.0000
1438	160.0000
1439	160.0000
1440	160.0000
1441	159.0783
1442	159.0000
1443	159.8619
1444	160.0000
1445	159.1979
1446	159.0000
1447	158.9522
1448	158.2876
1449	157.7129
1450	157.1170
1451	156.3773
1452	156.1482
1453	156.7337
1454	156.8045
1455	156.4351
1456	156.0623
1457	156.0000
1458	156.0000
1459	155.6755
1460	155.3224
1461	155.6691
1462	155.4265
1463	155.0869
1464	154.7074
1465	153.4947
1466	152.3769
1467	152.0963
1468	152.6920
1469	152.5820
1470	151.6385
1471	150.9232
1472	151.6604
1473	151.6667
1474	151.2142
1475	150.6926
1476	150.6121
1477	149.1871
1478	146.2284
1479	142.9168
1480	138.5598
1481	135.4366
1482	129.5902
1483	123.3367
1484	119.2511
1485	118.3011
1486	117.1356
1487	116.4080
1488	117.7543
1489	122.1913
1490	129.1121
1491	136.0173
1492	140.0676
1493	141.7005
1494	142.5578
1495	142.7565
1496	142.2365
1497	140.7297
1498	138.6598
1499	137.0428
1500	135.6685
1501	136.2053
1502	135.3064
1503	134.7833
1504	134.3333
1505	134.3418
1506	135.3119
1507	135.3333
1508	135.7554
1509	134.5495
1510	134.3636
1511	134.3333
1512	133.7741
1513	132.6217
1514	132.1967
1515	131.9060
1516	131.6634
1517	130.6574
1518	130.5472
1519	130.7308
1520	130.9733
1521	131.2159
1522	130.8957
1523	130.5280
1524	130.3333
1525	129.8018
1526	129.5237
1527	129.8903
1528	130.2344
1529	130.8651
1530	130.0723
1531	129.3333
1532	129.3333
1533	129.4121
1534	130.1836
1535	131.0823
1536	131.1242
1537	132.7630
1538	133.0000
1539	133.0000
1540	131.0758
1541	129.8189
1542	131.1787
1543	133.1060
1544	135.0184
1545	135.3333
1546	133.8104
1547	132.5340
1548	131.9515
1549	131.7868
1550	130.9783
1551	129.8584
1552	128.7286
1553	128.1055
1554	128.0761
1555	129.0238
1556	129.3247
1557	129.4539
1558	130.0000
1559	130.0388
1560	130.5811
1561	131.1951
1562	132.1305
1563	133.0686
1564	133.5504
1565	134.7740
1566	135.2968
1567	135.7054
1568	135.9479
1569	136.1905
1570	136.4330
1571	136.7112
1572	138.1694
1573	138.6545
1574	140.0852
1575	139.7281
1576	140.0844
1577	140.5947
1578	141.3222
1579	142.3714
1580	143.4778
1581	143.9864
1582	145.0498
1583	144.9092
1584	144.5050
1585	144.2625
1586	144.6069
1587	144.7774
1588	145.0620
1589	145.3331
1590	145.9750
1591	146.1406
1592	146.4076
1593	147.3777
1594	148.0000
1595	147.6821
1596	147.0513
1597	147.0000
1598	147.0000
1599	147.0000
1600	147.2175
1601	148.2728
1602	149.8688
1603	151.8747
1604	153.3706
1605	154.3523
1606	155.3224
1607	154.8733
1608	155.2651
1609	154.6362
1610	155.2638
1611	155.3333
1612	156.1430
1613	156.1384
1614	156.2239
1615	156.3333
1616	156.2799
1617	156.3333
1618	156.9636
1619	157.3333
1620	156.9530
1621	157.2073
1622	157.8596
1623	158.7677
1624	159.5913
1625	159.6667
1626	159.8027
1627	160.4050
1628	160.6667
1629	160.6667
1630	160.6667
1631	160.9084
1632	161.7084
1633	161.4930
1634	160.8465
1635	160.8498
1636	162.2546
1637	162.6667
1638	162.6991
1639	163.6667
1640	163.6667
1641	163.0382
1642	162.7917
1643	162.9449
1644	163.2446
1645	163.8310
1646	163.1657
1647	162.2366
1648	161.2665
1649	160.2964
1650	160.0550
1651	160.0000
1652	159.3861
1653	159.0000
1654	159.6159
1655	160.1998
1656	160.8096
1657	160.5356
1658	160.0614
1659	160.1349
1660	160.3333
1661	160.3333
1662	160.3333
1663	160.0483
1664	159.3333
1665	159.1081
1666	158.3822
1667	158.6247
1668	158.7316
1669	157.9688
1670	156.9242
1671	156.0000
1672	155.9919
1673	155.2638
1674	155.0005
1675	154.7684
1676	154.5259
1677	154.2834
1678	153.2042
1679	153.0000
1680	152.5682
1681	152.6867
1682	152.3137
1683	151.4309
1684	151.5269
1685	151.1279
1686	151.0000
1687	149.9454
1688	148.9710
1689	148.1836
1690	147.0097
1691	145.5547
1692	145.0423
1693	144.6667
1694	144.6667
1695	145.0502
1696	145.7636
1697	146.3501
1698	146.6667
1699	146.6667
1700	146.6667
1701	146.6667
1702	146.6667
1703	146.6667
1704	146.6667
1705	146.6517
1706	145.9171
1707	145.3437
1708	145.3333
1709	144.8989
1710	143.4869
1711	142.4832
1712	141.5131
1713	142.1236
1714	142.3333
1715	142.3333
1716	142.2106
1717	141.5251
1718	140.6925
1719	140.3333
1720	140.3333
1721	140.3333
1722	140.1975
1723	139.4627
1724	139.8569
1725	140.1895
1726	140.0000
1727	139.6866
1728	138.9708
1729	138.3600
1730	137.4295
1731	137.3449
1732	137.6789
1733	136.4318
1734	135.6153
1735	136.1481
1736	137.3076
1737	137.1380
1738	137.8226
1739	137.5638
1740	136.3502
1741	136.0950
1742	135.8525
1743	135.3628
1744	135.3333
1745	135.3333
1746	135.3333
1747	135.3333
1748	136.3253
1749	136.8452
1750	136.7996
1751	136.6667
1752	136.6667
1753	136.5783
1754	136.8728
1755	137.3333
1756	137.3333
1757	137.3333
1758	137.3333
1759	137.3333
1760	137.5012
1761	138.0220
1762	138.8837
1763	139.6289
1764	140.5990
1765	141.5691
1766	142.3333
1767	142.4291
1768	143.2348
1769	144.0786
1770	142.5186
1771	141.8474
1772	142.1053
1773	142.6655
1774	143.6334
1775	144.1203
1776	145.3004
1777	145.6629
1778	146.5462
1779	147.0380
1780	147.3635
1781	148.4094
1782	149.4438
1783	149.8992
1784	149.7776
1785	149.3293
1786	149.0596
1787	149.2281
1788	149.8360
1789	150.4559
1790	151.6105
1791	152.3503
1792	152.3333
1793	152.3333
1794	151.8383
1795	151.1163
1796	151.7561
1797	151.7424
1798	152.3956
1799	152.7907
1800	153.6086
1801	154.7030
1802	155.4630
1803	156.4057
1804	156.8520
1805	157.2971
1806	156.6793
1807	157.6517
1808	158.1536
1809	159.5290
1810	160.5328
1811	160.6667
1812	160.6667
1813	160.4266
1814	159.8826
1815	159.6667
1816	160.3778
1817	160.6667
1818	160.7234
1819	160.6667
1820	160.6667
1821	160.6667
1822	161.1362
1823	161.6667
1824	161.6667
1825	161.6667
1826	161.3756
1827	161.0490
1828	161.8999
1829	162.2733
1830	162.1790
1831	161.3112
1832	162.1611
1833	162.5404
1834	162.4135
1835	162.0000
1836	162.0000
1837	162.0000
1838	162.0000
1839	162.0000
1840	162.0000
1841	162.6425
1842	162.6667
1843	161.7627
1844	161.6667
1845	161.6667
1846	161.6667
1847	160.9245
1848	160.6667
1849	160.6667
1850	160.6667
1851	160.6667
1852	160.8254
1853	161.0679
1854	160.9402
1855	160.6047
1856	160.6667
1857	160.6667
1858	160.6667
1859	160.6055
1860	159.9534
1861	159.2247
1862	159.0544
1863	158.9728
1864	159.5746
1865	159.2512
1866	158.8079
1867	157.7699
1868	157.1828
1869	156.7061
1870	157.3380
1871	157.7418
1872	155.9660
1873	155.0786
1874	154.3522
1875	154.0840
1876	153.1083
1877	152.1124
1878	151.1423
1879	151.0000
1880	150.9597
1881	149.6115
1882	149.4345
1883	149.1976
1884	148.9454
1885	149.5433
1886	149.4774
1887	149.2662
1888	148.5029
1889	147.9377
1890	148.3120
1891	148.3827
1892	147.6395
1893	146.5303
1894	146.0000
1895	146.0758
1896	145.7145
1897	145.3263
1898	145.2283
1899	145.0193
1900	144.2267
1901	143.9575
1902	143.5747
1903	142.5245
1904	142.2000
1905	139.0505
1906	140.0154
1907	140.4977
1908	140.0102
1909	141.2413
1910	140.4323
1911	140.3333
1912	141.1746
1913	138.8992
1914	138.3333
1915	138.3333
1916	139.0550
1917	139.3333
1918	139.3333
1919	139.3333
1920	139.9354
1921	139.2501
1922	138.2598
1923	138.1260
1924	137.5635
1925	136.8035
1926	136.6667
1927	136.6667
1928	136.6667
1929	136.6667
1930	136.1293
1931	135.4353
1932	135.5598
1933	135.2985
1934	134.5749
1935	134.0898
1936	133.7286
1937	134.1623
1938	133.6816
1939	133.5985
1940	131.6625
1941	130.6924
1942	131.5980
1943	132.3526
1944	128.6570
1945	123.6793
1946	122.1606
1947	115.7526
1948	106.4596
1949	99.6315
1950	97.8745
1951	99.9164
1952	101.3069
1953	102.1728
1954	108.8975
1955	116.7789
1956	122.8981
1957	128.0482
1958	134.2334
1959	142.5129
1960	145.6088
1961	146.3018
1962	148.7758
1963	146.3597
1964	146.6043
1965	146.6572
1966	146.4993
1967	147.1478
1968	147.8615
1969	148.8676
1970	149.1102
1971	149.5240
1972	151.3934
1973	152.8465
1974	153.3302
1975	153.3401
1976	153.1898
1977	152.8749
1978	152.9494
1979	153.0000
1980	153.2021
1981	153.6754
1982	154.1453
1983	155.2177
1984	154.9778
1985	153.6221
1986	152.6949
1987	151.9073
1988	150.8128
1989	150.5606
1990	151.4958
1991	153.0161
1992	153.8915
1993	154.5256
1994	155.7730
1995	156.5643
1996	156.5291
1997	156.1925
1998	156.0183
1999	156.3847
2000	156.6011
2001	155.7176
2002	156.5377
2003	156.9276
2004	158.0021
2005	158.3101
2006	159.0312
2007	159.9991
2008	159.0356
2009	158.7784
2010	158.0462
2011	157.1183
2012	158.4196
2013	157.8082
2014	157.6667
2015	157.6667
2016	157.7157
2017	157.6667
2018	157.6667
2019	157.8847
2020	157.7042
2021	156.9382
2022	155.7256
2023	155.0359
2024	155.2240
2025	155.6045
2026	155.6667
2027	155.4243
2028	154.7648
2029	154.2650
2030	152.9479
2031	152.2116
2032	151.9876
2033	151.0533
2034	150.0348
2035	149.6281
2036	148.5207
2037	148.3333
2038	148.2588
2039	147.3333
2040	147.3173
2041	146.0239
2042	145.0343
2043	145.0000
2044	145.0000
2045	144.1639
2046	143.8255
2047	144.2758
2048	144.1557
2049	143.3017
2050	143.0509
2051	143.0000
2052	143.0000
2053	143.0000
2054	142.9111
2055	141.5088
2056	140.3265
2057	139.7276
2058	138.9744
2059	137.5249
2060	136.3123
2061	135.4273
2062	135.8370
2063	136.6651
2064	136.9076
2065	136.9807
2066	136.6613
2067	137.3333
2068	137.3333
2069	137.0063
2070	135.3593
2071	135.2693
2072	134.8180
2073	134.3661
2074	135.3319
2075	134.5994
2076	134.8180
2077	135.0605
2078	134.4243
2079	133.8448
2080	133.4980
2081	132.5443
2082	133.0468
2083	133.3333
2084	133.5665
2085	133.8894
2086	133.1172
2087	131.9046
2088	131.1142
2089	130.4501
2090	130.0000
2091	130.3676
2092	130.5107
2093	130.7764
2094	131.6674
2095	133.3699
2096	134.1081
2097	133.7039
2098	133.3501
2099	133.0000
2100	133.3009
2101	134.1189
2102	134.0038
2103	134.5396
2104	133.9082
2105	133.8141
2106	133.3650
2107	134.3334
2108	134.5744
2109	134.8213
2110	135.3123
2111	136.2496
2112	136.3333
2113	136.3333
2114	136.3333
2115	136.3333
2116	136.3333
2117	136.6386
2118	136.5460
2119	136.3333
2120	136.3333
2121	136.3333
2122	136.3333
2123	136.4489
2124	136.7926
2125	137.2096
2126	137.8886
2127	138.0810
2128	137.7627
2129	138.2394
2130	138.6667
2131	138.7475
2132	139.2469
2133	139.3729
2134	138.3333
2135	138.5081
2136	139.3333
2137	139.3333
2138	139.3333
2139	139.3885
2140	140.3333
2141	140.3333
2142	141.7732
2143	142.0672
2144	142.3311
2145	143.2363
2146	143.7237
2147	144.2789
2148	144.3333
2149	143.8292
2150	143.4246
2151	143.1012
2152	143.0556
2153	143.0000
2154	143.0000
2155	143.0000
2156	143.4266
2157	144.1837
2158	144.6667
2159	145.2176
2160	146.2777
2161	146.3240
2162	145.3162
2163	144.4935
2164	143.3461
2165	143.2779
2166	144.0000
2167	144.0000
2168	143.8500
2169	143.1521
2170	143.8101
2171	144.0024
2172	144.2328
2173	143.9516
2174	142.7478
2175	142.5053
2176	142.2627
2177	144.1278
2178	143.4194
2179	144.1927
2180	144.3333
2181	143.5738
2182	141.2610
2183	140.0285
2184	138.1331
2185	138.0389
2186	137.7889
2187	137.7384
2188	137.5986
2189	136.7729
2190	136.4579
2191	136.0205
2192	135.9510
2193	136.2552
2194	136.2911
2195	135.6070
2196	134.3944
2197	133.4485
2198	133.3333
2199	133.3333
2200	133.3333
2201	132.8627
2202	131.0356
2203	130.8986
2204	130.6337
2205	131.2106
2206	130.9615
2207	130.5054
2208	130.5019
2209	130.0278
2210	129.0674
2211	128.7963
2212	128.5318
2213	127.4463
2214	127.0087
2215	126.1744
2216	126.3302
2217	126.6808
2218	126.2830
2219	126.0558
2220	125.6251
2221	125.6509
2222	125.9546
2223	126.0000
2224	125.3145
2225	124.6667
2226	124.6667
2227	124.6667
2228	124.2721
2229	123.3020
2230	122.6667
2231	122.3851
2232	121.8938
2233	121.8946
2234	121.8925
2235	121.2316
2236	122.3406
2237	122.8647
2238	123.0856
2239	123.3169
2240	123.0479
2241	122.3333
2242	122.3333
2243	122.3333
2244	122.5624
2245	122.8049
2246	122.6807
2247	123.1315
2248	123.3333
2249	123.3333
2250	123.8375
2251	123.6049
2252	122.6563
2253	121.4197
2254	121.4868
2255	122.8781
2256	123.9685
2257	124.7152
2258	124.4601
2259	123.1088
2260	122.2189
2261	122.9684
2262	123.5945
2263	123.8371
2264	124.0000
2265	124.0929
2266	124.7106
2267	125.5180
2268	125.0000
2269	125.2883
2270	126.4006
2271	126.0000
2272	126.0000
2273	125.9637
2274	125.5144
2275	125.9973
2276	126.0097
2277	126.9297
2278	127.8998
2279	128.0000
2280	127.9664
2281	128.8486
2282	129.3472
2283	129.6876
2284	129.9805
2285	130.1192
2286	130.1409
2287	129.8011
2288	129.1396
2289	129.5710
2290	130.3607
2291	130.6667
2292	130.8271
2293	131.0000
2294	131.0000
2295	131.1575
2296	131.1596
2297	131.0000
2298	131.0000
2299	131.1175
2300	131.3857
2301	132.0000
2302	132.0000
2303	132.0000
2304	132.0000
2305	131.9074
2306	131.0000
2307	130.9672
2308	130.0037
2309	130.9796
2310	130.9732
2311	132.3501
2312	132.7208
2313	132.1099
2314	131.2127
2315	130.9086
2316	130.6424
2317	129.6660
2318	130.0894
2319	130.3333
2320	130.3333
2321	130.3926
2322	130.3333
2323	130.6723
2324	130.7022
2325	130.9943
2326	130.5739
2327	129.5471
2328	129.4662
2329	129.1275
2330	128.6488
2331	128.5826
2332	127.6667
2333	127.7142
2334	127.3409
2335	126.4262
2336	126.6667
2337	126.7733
2338	127.6667
2339	127.6667
2340	127.6430
2341	126.8961
2342	125.6835
2343	125.6667
2344	125.6667
2345	125.6667
2346	125.6667
2347	124.6203
2348	123.4077
2349	122.1951
2350	121.0297
2351	121.2554
2352	120.8473
2353	121.7613
2354	122.5736
2355	122.8161
2356	122.6133
2357	121.2974
2358	120.6667
2359	120.5072
2360	120.0602
2361	120.0698
2362	120.5013
2363	120.5583
2364	119.1137
2365	118.7363
2366	118.6024
2367	119.3190
2368	118.8850
2369	118.2356
2370	117.5460
2371	117.4493
2372	118.0854
2373	118.3931
2374	119.3333
2375	0.0000
