"Time","Channel A"
-5.02970617,5.04989767
-5.02470617,5.04989767
-5.01970617,5.04989767
-5.01470617,5.04989767
-5.00970617,5.04989767
-5.00470617,5.04989767
-4.99970617,5.04989767
-4.99470617,5.04989767
-4.98970617,5.04989767
-4.98470617,5.04989767
-4.97970617,5.04989767
-4.97470617,5.04989767
-4.96970617,5.04989767
-4.96470617,5.04989767
-4.95970617,5.04989767
-4.95470617,5.04989767
-4.94970617,5.04989767
-4.94470617,5.04989767
-4.93970617,5.04989767
-4.93470617,5.04989767
-4.92970617,5.04989767
-4.92470617,5.04989767
-4.91970617,5.04989767
-4.91470617,5.04989767
-4.90970617,5.04989767
-4.90470617,5.04989767
-4.89970617,5.04989767
-4.89470617,5.04989767
-4.88970617,5.04989767
-4.88470617,5.04989767
-4.87970617,5.04989767
-4.87470617,5.04989767
-4.86970617,5.04989767
-4.86470617,5.04989767
-4.85970617,5.04989767
-4.85470617,5.04989767
-4.84970617,5.04989767
-4.84470617,5.04989767
-4.83970617,5.04989767
-4.83470617,5.04989767
-4.82970617,5.04989767
-4.82470617,5.04989767
-4.81970617,5.04989767
-4.81470617,5.04989767
-4.80970617,5.04989767
-4.80470617,5.04989767
-4.79970617,5.04989767
-4.79470617,5.04989767
-4.78970617,5.04989767
-4.78470617,5.04989767
-4.77970617,5.04989767
-4.77470617,5.04989767
-4.76970617,5.04989767
-4.76470617,5.04989767
-4.75970617,5.04989767
-4.75470617,5.04989767
-4.74970617,5.04989767
-4.74470617,5.04989767
-4.73970617,5.04989767
-4.73470617,5.04989767
-4.72970617,5.04989767
-4.72470617,5.04989767
-4.71970617,5.04989767
-4.71470617,5.04989767
-4.70970617,5.04989767
-4.70470617,5.04989767
-4.69970617,5.04989767
-4.69470617,5.04989767
-4.68970617,5.04989767
-4.68470617,5.04989767
-4.67970617,5.04989767
-4.67470617,5.04989767
-4.66970617,5.04989767
-4.66470617,5.04989767
-4.65970617,5.04989767
-4.65470617,5.04989767
-4.64970617,5.04989767
-4.64470617,5.04989767
-4.63970617,5.04989767
-4.63470617,5.04989767
-4.62970617,5.04989767
-4.62470617,5.04989767
-4.61970617,5.04989767
-4.61470617,5.04989767
-4.60970617,5.04989767
-4.60470617,5.04989767
-4.59970617,5.04989767
-4.59470617,5.04989767
-4.58970617,5.04989767
-4.58470617,5.04989767
-4.57970617,5.04989767
-4.57470617,5.04989767
-4.56970617,5.04989767
-4.56470617,5.04989767
-4.55970617,5.04989767
-4.55470617,5.04989767
-4.54970617,5.04989767
-4.54470617,5.04989767
-4.53970617,5.04989767
-4.53470617,5.04989767
-4.52970617,5.04989767
-4.52470617,5.04989767
-4.51970617,5.04989767
-4.51470617,5.04989767
-4.50970617,5.04989767
-4.50470617,5.04989767
-4.49970617,5.04989767
-4.49470617,5.04989767
-4.48970617,5.04989767
-4.48470617,5.04989767
-4.47970617,5.04989767
-4.47470617,5.04989767
-4.46970617,5.04989767
-4.46470617,5.04989767
-4.45970617,5.04989767
-4.45470617,5.04989767
-4.44970617,5.04989767
-4.44470617,5.04989767
-4.43970617,5.04989767
-4.43470617,5.04989767
-4.42970617,5.04989767
-4.42470617,5.04989767
-4.41970617,5.04989767
-4.41470617,5.04989767
-4.40970617,5.04989767
-4.40470617,5.04989767
-4.39970617,5.04989767
-4.39470617,5.04989767
-4.38970617,5.04989767
-4.38470617,5.04989767
-4.37970617,5.04989767
-4.37470617,5.04989767
-4.36970617,5.04989767
-4.36470617,5.04989767
-4.35970617,5.04989767
-4.35470617,5.04989767
-4.34970617,5.04989767
-4.34470617,5.04989767
-4.33970617,5.04989767
-4.33470617,5.04989767
-4.32970617,5.04989767
-4.32470617,5.04989767
-4.31970617,5.04989767
-4.31470618,5.04989767
-4.30970618,5.04989767
-4.30470618,5.04989767
-4.29970618,5.04989767
-4.29470618,5.04989767
-4.28970618,5.04989767
-4.28470618,5.04989767
-4.27970618,5.04989767
-4.27470618,5.04989767
-4.26970618,5.04989767
-4.26470618,5.04989767
-4.25970618,5.04989767
-4.25470618,5.04989767
-4.24970618,5.04989767
-4.24470618,5.04989767
-4.23970618,5.04989767
-4.23470618,5.04989767
-4.22970618,5.04989767
-4.22470618,5.04989767
-4.21970618,5.04989767
-4.21470618,5.04989767
-4.20970618,5.04989767
-4.20470618,5.04989767
-4.19970618,5.04989767
-4.19470618,5.04989767
-4.18970618,5.04989767
-4.18470618,5.04989767
-4.17970618,5.04989767
-4.17470618,5.04989767
-4.16970618,5.04989767
-4.16470618,5.04989767
-4.15970618,5.04989767
-4.15470618,5.04989767
-4.14970618,5.04989767
-4.14470618,5.04989767
-4.13970618,5.04989767
-4.13470618,5.04989767
-4.12970618,5.05111837
-4.12470618,5.05630684
-4.11970618,5.03006077
-4.11470618,4.97299099
-4.10970618,4.97299099
-4.10470618,5.03006077
-4.09970618,5.05630684
-4.09470618,5.05111837
-4.08970618,5.04989767
-4.08470618,5.04989767
-4.07970618,5.04989767
-4.07470618,5.04989767
-4.06970618,5.04989767
-4.06470618,5.04989767
-4.05970618,5.04989767
-4.05470618,5.04989767
-4.04970618,5.04989767
-4.04470618,5.04989767
-4.03970618,5.04989767
-4.03470618,5.04989767
-4.02970618,5.04989767
-4.02470618,5.04989767
-4.01970618,5.04989767
-4.01470618,5.04989767
-4.00970618,5.04989767
-4.00470618,5.04989767
-3.99970618,5.04989767
-3.99470618,5.04989767
-3.98970618,5.04989767
-3.98470618,5.04989767
-3.97970618,5.04989767
-3.97470618,5.04989767
-3.96970618,5.04989767
-3.96470618,5.04989767
-3.95970618,5.04989767
-3.95470618,5.04989767
-3.94970618,5.04989767
-3.94470618,5.04989767
-3.93970618,5.04989767
-3.93470618,5.04989767
-3.92970618,5.04989767
-3.92470618,5.04989767
-3.91970618,5.04989767
-3.91470618,5.04989767
-3.90970618,5.04989767
-3.90470618,5.04989767
-3.89970618,5.04989767
-3.89470618,5.04989767
-3.88970618,5.04989767
-3.88470618,5.04989767
-3.87970618,5.04989767
-3.87470618,5.04989767
-3.86970618,5.04989767
-3.86470618,5.04989767
-3.85970618,5.04989767
-3.85470618,5.04989767
-3.84970618,5.04989767
-3.84470618,5.04989767
-3.83970618,5.04989767
-3.83470618,5.04989767
-3.82970618,5.04989767
-3.82470618,5.04989767
-3.81970618,5.05111837
-3.81470618,5.05630684
-3.80970618,5.03006077
-3.80470618,4.97299099
-3.79970618,4.97299099
-3.79470618,5.03006077
-3.78970618,5.05630684
-3.78470618,5.05111837
-3.77970618,5.04989767
-3.77470618,5.04989767
-3.76970618,5.04989767
-3.76470618,5.04989767
-3.75970618,5.04989767
-3.75470618,5.04989767
-3.74970618,5.04989767
-3.74470618,5.04989767
-3.73970618,5.04989767
-3.73470618,5.04989767
-3.72970618,5.04989767
-3.72470618,5.04989767
-3.71970618,5.04989767
-3.71470618,5.04989767
-3.70970618,5.04989767
-3.70470618,5.04989767
-3.69970618,5.04989767
-3.69470618,5.04989767
-3.68970618,5.04989767
-3.68470618,5.04989767
-3.67970618,5.04989767
-3.67470618,5.04989767
-3.66970618,5.04989767
-3.66470618,5.04989767
-3.65970618,5.04989767
-3.65470618,5.04989767
-3.64970618,5.04989767
-3.64470618,5.04989767
-3.63970618,5.04989767
-3.63470618,5.04989767
-3.62970618,5.04989767
-3.62470618,5.04989767
-3.61970618,5.04989767
-3.61470618,5.04989767
-3.60970618,5.04989767
-3.60470618,5.04989767
-3.59970618,5.04989767
-3.59470618,5.04989767
-3.58970618,5.04989767
-3.58470618,5.04989767
-3.57970618,5.04989767
-3.57470618,5.04989767
-3.56970618,5.04989767
-3.56470618,5.04989767
-3.55970618,5.04989767
-3.55470618,5.04989767
-3.54970618,5.04989767
-3.54470618,5.04989767
-3.53970618,5.04989767
-3.53470618,5.04989767
-3.52970618,5.04989767
-3.52470618,5.04989767
-3.51970618,5.04989767
-3.51470618,5.04989767
-3.50970618,5.04989767
-3.50470618,5.04989767
-3.49970618,5.04989767
-3.49470618,5.04989767
-3.48970618,5.04989767
-3.48470618,5.04989767
-3.47970618,5.04989767
-3.47470618,5.04989767
-3.46970618,5.04989767
-3.46470618,5.04989767
-3.45970618,5.04989767
-3.45470618,5.04989767
-3.44970618,5.04989767
-3.44470618,5.04989767
-3.43970618,5.04989767
-3.43470618,5.04989767
-3.42970618,5.04989767
-3.42470618,5.04989767
-3.41970618,5.04989767
-3.41470618,5.04989767
-3.40970618,5.04989767
-3.40470618,5.04989767
-3.39970618,5.04989767
-3.39470618,5.04989767
-3.38970618,5.04989767
-3.38470618,5.04989767
-3.37970618,5.04989767
-3.37470618,5.04989767
-3.36970618,5.04989767
-3.36470618,5.04989767
-3.35970618,5.04989767
-3.35470618,5.04989767
-3.34970618,5.04989767
-3.34470618,5.04989767
-3.33970618,5.04989767
-3.33470618,5.04989767
-3.32970618,5.04989767
-3.32470618,5.04989767
-3.31970618,5.04989767
-3.31470618,5.04989767
-3.30970618,5.04989767
-3.30470618,5.04989767
-3.29970618,5.05111837
-3.29470618,5.05630684
-3.28970618,5.03006077
-3.28470618,4.97299099
-3.27970618,4.97299099
-3.27470618,5.03006077
-3.26970618,5.05630684
-3.26470618,5.05111837
-3.25970618,5.04989767
-3.25470618,5.04989767
-3.24970618,5.04989767
-3.24470618,5.04989767
-3.23970618,5.04989767
-3.23470618,5.04989767
-3.22970618,5.04989767
-3.22470618,5.04989767
-3.21970618,5.04989767
-3.21470618,5.04989767
-3.20970618,5.04989767
-3.20470618,5.04989767
-3.19970618,5.04989767
-3.19470618,5.04989767
-3.18970618,5.04989767
-3.18470618,5.04989767
-3.17970618,5.04989767
-3.17470618,5.04989767
-3.16970618,5.04989767
-3.16470618,5.04989767
-3.15970618,5.04989767
-3.15470618,5.04989767
-3.14970618,5.04989767
-3.14470618,5.04989767
-3.13970618,5.04989767
-3.13470618,5.04989767
-3.12970618,5.04989767
-3.12470618,5.04989767
-3.11970618,5.04989767
-3.11470618,5.04989767
-3.10970618,5.04989767
-3.10470618,5.04989767
-3.09970618,5.04989767
-3.09470618,5.04989767
-3.08970618,5.04989767
-3.08470618,5.04989767
-3.07970618,5.04989767
-3.07470618,5.04989767
-3.06970618,5.04989767
-3.06470618,5.04989767
-3.05970618,5.04989767
-3.05470618,5.04989767
-3.04970618,5.04989767
-3.04470618,5.04989767
-3.03970618,5.04989767
-3.03470618,5.04989767
-3.02970618,5.04989767
-3.02470618,5.04989767
-3.01970618,5.04989767
-3.01470618,5.04989767
-3.00970618,5.04989767
-3.00470618,5.04989767
-2.99970618,5.04989767
-2.99470618,5.04989767
-2.98970618,5.04989767
-2.98470618,5.04989767
-2.97970618,5.04989767
-2.97470618,5.04989767
-2.96970618,5.04989767
-2.96470618,5.04989767
-2.95970618,5.04989767
-2.95470618,5.04989767
-2.94970618,5.04989767
-2.94470618,5.04989767
-2.93970618,5.04989767
-2.93470618,5.04989767
-2.92970618,5.04989767
-2.92470618,5.04989767
-2.91970618,5.04989767
-2.91470618,5.04989767
-2.90970618,5.04989767
-2.90470618,5.04989767
-2.89970618,5.04989767
-2.89470618,5.04989767
-2.88970618,5.04989767
-2.88470618,5.04989767
-2.87970618,5.04989767
-2.87470618,5.04989767
-2.86970618,5.04989767
-2.86470618,5.04989767
-2.85970618,5.04989767
-2.85470618,5.04989767
-2.84970618,5.04989767
-2.84470618,5.04989767
-2.83970618,5.04989767
-2.83470618,5.04989767
-2.82970618,5.04989767
-2.82470618,5.04989767
-2.81970618,5.04989767
-2.81470618,5.04989767
-2.80970618,5.04989767
-2.80470618,5.04989767
-2.79970618,5.04989767
-2.79470618,5.04989767
-2.78970618,5.04989767
-2.78470618,5.04989767
-2.77970618,5.04989767
-2.77470618,5.04989767
-2.76970618,5.04989767
-2.76470618,5.04989767
-2.75970618,5.04989767
-2.75470618,5.04989767
-2.74970618,5.04989767
-2.74470618,5.04989767
-2.73970618,5.04989767
-2.73470618,5.04989767
-2.72970618,5.04989767
-2.72470618,5.04989767
-2.71970618,5.04989767
-2.71470618,5.04989767
-2.70970618,5.04989767
-2.70470618,5.04989767
-2.69970618,5.04989767
-2.69470618,5.04989767
-2.68970618,5.04989767
-2.68470618,5.04989767
-2.67970618,5.04989767
-2.67470618,5.04989767
-2.66970619,5.04989767
-2.66470619,5.04989767
-2.65970619,5.04989767
-2.65470619,5.04989767
-2.64970619,5.04989767
-2.64470619,5.04989767
-2.63970619,5.04989767
-2.63470619,5.04989767
-2.62970619,5.04989767
-2.62470619,5.04989767
-2.61970619,5.04989767
-2.61470619,5.04989767
-2.60970619,5.04989767
-2.60470619,5.04989767
-2.59970619,5.04989767
-2.59470619,5.04989767
-2.58970619,5.04989767
-2.58470619,5.04989767
-2.57970619,5.04989767
-2.57470619,5.04989767
-2.56970619,5.04989767
-2.56470619,5.04989767
-2.55970619,5.04989767
-2.55470619,5.04989767
-2.54970619,5.04989767
-2.54470619,5.04989767
-2.53970619,5.04989767
-2.53470619,5.04989767
-2.52970619,5.04989767
-2.52470619,5.04989767
-2.51970619,5.04989767
-2.51470619,5.04989767
-2.50970619,5.04989767
-2.50470619,5.04989767
-2.49970619,5.04989767
-2.49470619,5.04989767
-2.48970619,5.04989767
-2.48470619,5.04989767
-2.47970619,5.04989767
-2.47470619,5.04989767
-2.46970619,5.04989767
-2.46470619,5.04989767
-2.45970619,5.04989767
-2.45470619,5.04989767
-2.44970619,5.04989767
-2.44470619,5.04989767
-2.43970619,5.04989767
-2.43470619,5.04989767
-2.42970619,5.04989767
-2.42470619,5.04989767
-2.41970619,5.04989767
-2.41470619,5.04989767
-2.40970619,5.04989767
-2.40470619,5.04989767
-2.39970619,5.04989767
-2.39470619,5.04989767
-2.38970619,5.04989767
-2.38470619,5.04989767
-2.37970619,5.04989767
-2.37470619,5.04989767
-2.36970619,5.04989767
-2.36470619,5.04989767
-2.35970619,5.04989767
-2.35470619,5.04989767
-2.34970619,5.04989767
-2.34470619,5.04989767
-2.33970619,5.04989767
-2.33470619,5.04989767
-2.32970619,5.04989767
-2.32470619,5.04989767
-2.31970619,5.04989767
-2.31470619,5.04989767
-2.30970619,5.04989767
-2.30470619,5.04989767
-2.29970619,5.04989767
-2.29470619,5.04989767
-2.28970619,5.04989767
-2.28470619,5.04989767
-2.27970619,5.04989767
-2.27470619,5.04989767
-2.26970619,5.04989767
-2.26470619,5.04989767
-2.25970619,5.04989767
-2.25470619,5.04989767
-2.24970619,5.04989767
-2.24470619,5.04989767
-2.23970619,5.04989767
-2.23470619,5.04989767
-2.22970619,5.04989767
-2.22470619,5.04989767
-2.21970619,5.04989767
-2.21470619,5.04989767
-2.20970619,5.04989767
-2.20470619,5.04989767
-2.19970619,5.04989767
-2.19470619,5.04989767
-2.18970619,5.04989767
-2.18470619,5.04989767
-2.17970619,5.04989767
-2.17470619,5.04989767
-2.16970619,5.04989767
-2.16470619,5.04989767
-2.15970619,5.04989767
-2.15470619,5.04989767
-2.14970619,5.04989767
-2.14470619,5.04989767
-2.13970619,5.04989767
-2.13470619,5.04989767
-2.12970619,5.04989767
-2.12470619,5.04989767
-2.11970619,5.04989767
-2.11470619,5.04989767
-2.10970619,5.04989767
-2.10470619,5.04989767
-2.09970619,5.04989767
-2.09470619,5.04989767
-2.08970619,5.04989767
-2.08470619,5.04989767
-2.07970619,5.04989767
-2.07470619,5.04989767
-2.06970619,5.04989767
-2.06470619,5.04989767
-2.05970619,5.04989767
-2.05470619,5.04989767
-2.04970619,5.04989767
-2.04470619,5.04989767
-2.03970619,5.04989767
-2.03470619,5.04989767
-2.02970619,5.04989767
-2.02470619,5.04989767
-2.01970619,5.04989767
-2.01470619,5.04989767
-2.00970619,5.04989767
-2.00470619,5.04989767
-1.99970619,5.04989767
-1.99470619,5.04989767
-1.98970619,5.04989767
-1.98470619,5.04989767
-1.97970619,5.04989767
-1.97470619,5.04989767
-1.96970619,5.04989767
-1.96470619,5.04989767
-1.95970619,5.04989767
-1.95470619,5.04989767
-1.94970619,5.04989767
-1.94470619,5.04989767
-1.93970619,5.04989767
-1.93470619,5.04989767
-1.92970619,5.04989767
-1.92470619,5.04989767
-1.91970619,5.04989767
-1.91470619,5.04989767
-1.90970619,5.04989767
-1.90470619,5.04989767
-1.89970619,5.04989767
-1.89470619,5.04989767
-1.88970619,5.04989767
-1.88470619,5.04989767
-1.87970619,5.04989767
-1.87470619,5.04989767
-1.86970619,5.04989767
-1.86470619,5.04989767
-1.85970619,5.04989767
-1.85470619,5.04989767
-1.84970619,5.04989767
-1.84470619,5.04989767
-1.83970619,5.04989767
-1.83470619,5.04989767
-1.82970619,5.04989767
-1.82470619,5.04989767
-1.81970619,5.04989767
-1.81470619,5.04989767
-1.80970619,5.04989767
-1.80470619,5.04989767
-1.79970619,5.04989767
-1.79470619,5.04989767
-1.78970619,5.04989767
-1.78470619,5.04989767
-1.77970619,5.04989767
-1.77470619,5.04989767
-1.76970619,5.04989767
-1.76470619,5.04989767
-1.75970619,5.04989767
-1.75470619,5.04989767
-1.74970619,5.04989767
-1.74470619,5.04989767
-1.73970619,5.04989767
-1.73470619,5.04989767
-1.72970619,5.04989767
-1.72470619,5.04989767
-1.71970619,5.04989767
-1.71470619,5.04989767
-1.70970619,5.04989767
-1.70470619,5.04989767
-1.69970619,5.04989767
-1.69470619,5.04989767
-1.68970619,5.04989767
-1.68470619,5.04989767
-1.67970619,5.04989767
-1.67470619,5.04989767
-1.66970619,5.04989767
-1.66470619,5.04989767
-1.65970619,5.04989767
-1.65470619,5.04989767
-1.64970619,5.04989767
-1.64470619,5.04989767
-1.63970619,5.04989767
-1.63470619,5.04989767
-1.62970619,5.04989767
-1.62470619,5.04989767
-1.61970619,5.04989767
-1.61470619,5.04989767
-1.60970619,5.04989767
-1.60470619,5.04989767
-1.59970619,5.04989767
-1.59470619,5.04989767
-1.58970619,5.04989767
-1.58470619,5.04989767
-1.57970619,5.04989767
-1.57470619,5.04989767
-1.56970619,5.04989767
-1.56470619,5.04989767
-1.55970619,5.04989767
-1.55470619,5.04989767
-1.54970619,5.04989767
-1.54470619,5.04989767
-1.53970619,5.04989767
-1.53470619,5.04989767
-1.52970619,5.04989767
-1.52470619,5.04989767
-1.51970619,5.04989767
-1.51470619,5.04989767
-1.50970619,5.04989767
-1.50470619,5.04989767
-1.49970619,5.04989767
-1.49470619,5.04989767
-1.48970619,5.04989767
-1.48470619,5.04989767
-1.47970619,5.04989767
-1.47470619,5.04989767
-1.46970619,5.04989767
-1.46470619,5.04989767
-1.45970619,5.04989767
-1.45470619,5.04989767
-1.44970619,5.04989767
-1.44470619,5.04989767
-1.43970619,5.04989767
-1.43470619,5.04989767
-1.42970619,5.04989767
-1.42470619,5.04989767
-1.41970619,5.04989767
-1.41470619,5.04989767
-1.40970619,5.04989767
-1.40470619,5.04989767
-1.39970619,5.04989767
-1.39470619,5.04989767
-1.38970619,5.04989767
-1.38470619,5.04989767
-1.37970619,5.04989767
-1.37470619,5.04989767
-1.36970619,5.04989767
-1.36470619,5.04989767
-1.35970619,5.04989767
-1.35470619,5.04989767
-1.34970619,5.04989767
-1.34470619,5.04989767
-1.33970619,5.04989767
-1.33470619,5.04989767
-1.32970619,5.04989767
-1.32470619,5.04989767
-1.31970619,5.04989767
-1.31470619,5.04989767
-1.30970619,5.04989767
-1.30470619,5.04989767
-1.29970619,5.04989767
-1.29470619,5.04989767
-1.28970619,5.04989767
-1.28470619,5.04989767
-1.27970619,5.04989767
-1.27470619,5.04989767
-1.26970619,5.04989767
-1.26470619,5.04989767
-1.25970619,5.04989767
-1.25470619,5.04989767
-1.24970619,5.04989767
-1.24470619,5.04989767
-1.23970619,5.04989767
-1.23470619,5.04989767
-1.22970619,5.04989767
-1.22470619,5.04989767
-1.21970619,5.05111837
-1.21470619,5.05630684
-1.20970619,5.03006077
-1.20470619,4.97299099
-1.19970619,4.97299099
-1.19470619,5.03006077
-1.18970619,5.05630684
-1.18470619,5.05111837
-1.17970619,5.04989767
-1.17470619,5.04989767
-1.16970619,5.04989767
-1.16470619,5.04989767
-1.15970619,5.04989767
-1.15470619,5.04989767
-1.14970619,5.04989767
-1.14470619,5.04989767
-1.13970619,5.04989767
-1.13470619,5.04989767
-1.12970619,5.04989767
-1.12470619,5.04989767
-1.11970619,5.04989767
-1.11470619,5.04989767
-1.10970619,5.04989767
-1.10470619,5.04989767
-1.09970619,5.04989767
-1.09470619,5.04989767
-1.08970619,5.04989767
-1.08470619,5.04989767
-1.07970619,5.04989767
-1.07470619,5.04989767
-1.06970619,5.04989767
-1.06470619,5.04989767
-1.05970619,5.04989767
-1.05470619,5.04989767
-1.04970619,5.04989767
-1.04470619,5.04989767
-1.03970619,5.04989767
-1.03470619,5.04989767
-1.02970619,5.04989767
-1.02470620,5.04989767
-1.01970620,5.04989767
-1.01470620,5.04989767
-1.00970620,5.04989767
-1.00470620,5.04989767
-0.99970620,5.04989767
-0.99470620,5.04989767
-0.98970620,5.04989767
-0.98470620,5.04989767
-0.97970620,5.04989767
-0.97470620,5.04989767
-0.96970620,5.04989767
-0.96470620,5.04989767
-0.95970620,5.04989767
-0.95470620,5.04989767
-0.94970620,5.04989767
-0.94470620,5.04989767
-0.93970620,5.04989767
-0.93470620,5.04989767
-0.92970620,5.04989767
-0.92470620,5.04989767
-0.91970620,5.04989767
-0.91470620,5.04989767
-0.90970620,5.04989767
-0.90470620,5.04989767
-0.89970620,5.04989767
-0.89470620,5.04989767
-0.88970620,5.04989767
-0.88470620,5.04989767
-0.87970620,5.04989767
-0.87470620,5.04989767
-0.86970620,5.04989767
-0.86470620,5.04989767
-0.85970620,5.04989767
-0.85470620,5.04989767
-0.84970620,5.04989767
-0.84470620,5.04989767
-0.83970620,5.04989767
-0.83470620,5.04989767
-0.82970620,5.04989767
-0.82470620,5.04989767
-0.81970620,5.04989767
-0.81470620,5.04989767
-0.80970620,5.04989767
-0.80470620,5.04989767
-0.79970620,5.04989767
-0.79470620,5.04989767
-0.78970620,5.04989767
-0.78470620,5.04989767
-0.77970620,5.04989767
-0.77470620,5.04989767
-0.76970620,5.04989767
-0.76470620,5.04989767
-0.75970620,5.04989767
-0.75470620,5.04989767
-0.74970620,5.04989767
-0.74470620,5.04989767
-0.73970620,5.04989767
-0.73470620,5.04989767
-0.72970620,5.04989767
-0.72470620,5.04989767
-0.71970620,5.04989767
-0.71470620,5.04989767
-0.70970620,5.04989767
-0.70470620,5.04989767
-0.69970620,5.04989767
-0.69470620,5.04989767
-0.68970620,5.04989767
-0.68470620,5.04989767
-0.67970620,5.04989767
-0.67470620,5.04989767
-0.66970620,5.04989767
-0.66470620,5.04989767
-0.65970620,5.04989767
-0.65470620,5.04989767
-0.64970620,5.04989767
-0.64470620,5.04989767
-0.63970620,5.04989767
-0.63470620,5.04989767
-0.62970620,5.04989767
-0.62470620,5.04989767
-0.61970620,5.04989767
-0.61470620,5.04989767
-0.60970620,5.04989767
-0.60470620,5.04989767
-0.59970620,5.04989767
-0.59470620,5.04989767
-0.58970620,5.04989767
-0.58470620,5.04989767
-0.57970620,5.04989767
-0.57470620,5.04989767
-0.56970620,5.04989767
-0.56470620,5.04989767
-0.55970620,5.04989767
-0.55470620,5.04989767
-0.54970620,5.04989767
-0.54470620,5.04989767
-0.53970620,5.04989767
-0.53470620,5.04989767
-0.52970620,5.04989767
-0.52470620,5.04989767
-0.51970620,5.04989767
-0.51470620,5.04989767
-0.50970620,5.04989767
-0.50470620,5.04989767
-0.49970620,5.04989767
-0.49470620,5.04989767
-0.48970620,5.04989767
-0.48470620,5.04989767
-0.47970620,5.04989767
-0.47470620,5.04989767
-0.46970620,5.04989767
-0.46470620,5.04989767
-0.45970620,5.04989767
-0.45470620,5.04989767
-0.44970620,5.04989767
-0.44470620,5.04989767
-0.43970620,5.04989767
-0.43470620,5.04989767
-0.42970620,5.04989767
-0.42470620,5.04989767
-0.41970620,5.04989767
-0.41470620,5.04989767
-0.40970620,5.04989767
-0.40470620,5.04989767
-0.39970620,5.04867697
-0.39470620,5.04348898
-0.38970620,5.06973457
-0.38470620,5.12649918
-0.37970620,5.12771988
-0.37470620,5.07614374
-0.36970620,5.02365208
-0.36470620,4.97177029
-0.35970620,4.97024441
-0.35470620,5.01693773
-0.34970620,5.09475994
-0.34470620,5.19791269
-0.33970620,5.22141171
-0.33470620,5.15945911
-0.32970620,5.13046646
-0.32470620,5.13046646
-0.31970620,5.15671253
-0.31470620,5.20859385
-0.30970620,5.23331404
-0.30470620,5.22812605
-0.29970620,5.22965193
-0.29470620,5.24002790
-0.28970620,5.19150352
-0.28470620,5.09323406
-0.27970620,5.01968431
-0.27470620,4.98336744
-0.26970620,4.93606377
-0.26470620,4.88967562
-0.25970620,4.86739731
-0.25470620,4.87777328
-0.24970620,4.85671568
-0.24470620,4.81551552
-0.23970620,4.74074507
-0.23470620,4.64247561
-0.22970620,4.59364605
-0.22470620,4.60402250
-0.21970620,4.60798979
-0.21470620,4.61317778
-0.20970620,4.58845806
-0.20470620,4.53657627
-0.19970620,4.51307726
-0.19470620,4.52345324
-0.18970620,4.49995422
-0.18470620,4.44807291
-0.17970620,4.42457342
-0.17470620,4.43494987
-0.16970620,4.41267109
-0.16470620,4.36597776
-0.15970620,4.31592751
-0.15470620,4.26953936
-0.14970620,4.24604034
-0.14470620,4.25122833
-0.13970620,4.25366974
-0.13470620,4.25885820
-0.12970620,4.23535872
-0.12470620,4.18897057
-0.11970620,4.14014101
-0.11470620,4.09894085
-0.10970620,4.05133200
-0.10470620,4.01013231
-0.09970620,3.96160769
-0.09470620,3.91521955
-0.08970620,3.89294100
-0.08470620,3.90331745
-0.07970620,3.87951303
-0.07470620,3.82793665
-0.06970620,3.80535293
-0.06470620,3.82091737
-0.05970620,3.77239299
-0.05470620,3.66924047
-0.04970620,3.62071586
-0.04470620,3.63628030
-0.03970620,3.61369681
-0.03470620,3.56212044
-0.02970620,3.53831601
-0.02470620,3.54869223
-0.01970620,3.52641368
-0.01470620,3.48002553
-0.00970620,3.43150115
-0.00470620,3.38999605
0.00029380,3.34299755
0.00529380,3.30179763
0.01029380,3.25418878
0.01529380,3.21298862
0.02029380,3.16415906
0.02529380,3.11777091
0.03029380,3.09427166
0.03529380,3.09945989
0.04029380,3.10342717
0.04529380,3.11380363
0.05029380,3.06497383
0.05529380,2.96670437
0.06029380,2.89193392
0.06529380,2.85073400
0.07029380,2.82967615
0.07529380,2.84005260
0.08029380,2.81655335
0.08529380,2.76467180
0.09029380,2.74117255
0.09529380,2.75154877
0.10029380,2.72927022
0.10529380,2.68257689
0.11029380,2.63374734
0.11529380,2.59254742
0.12029380,2.54402304
0.12529380,2.49763489
0.13029380,2.47535634
0.13529380,2.48573256
0.14029380,2.46345401
0.14529380,2.41676068
0.15029380,2.36793113
0.15529380,2.32673120
0.16029380,2.27820683
0.16529380,2.23181868
0.17029380,2.20954013
0.17529380,2.21991634
0.18029380,2.19611192
0.18529380,2.14453554
0.19029380,2.12073112
0.19529380,2.13110757
0.20029380,2.10760832
0.20529380,2.05572677
0.21029380,2.03344822
0.21529380,2.04901266
0.22029380,2.00048828
0.22529380,1.89733577
0.23029380,1.84881127
0.23529380,1.86437571
0.24029380,1.84179199
0.24529380,1.79021573
0.25029380,1.76641130
0.25529380,1.77678764
0.26029380,1.75328839
0.26529380,1.70140696
0.27029380,1.67668688
0.27529380,1.68187511
0.28029380,1.68584251
0.28529380,1.69621873
0.29029380,1.64616835
0.29529380,1.54271066
0.30029380,1.49266028
0.30529380,1.50303662
0.31029380,1.50700402
0.31529380,1.51219213
0.32029380,1.48747218
0.32529380,1.43559074
0.33029380,1.41087067
0.33529380,1.41605878
0.34029380,1.41850030
0.34529380,1.42368841
0.35029380,1.39896846
0.35529380,1.34708703
0.36029380,1.32358778
0.36529380,1.33396399
0.37029380,1.31015956
0.37529380,1.25858331
0.38029380,1.23477888
0.38529380,1.24515522
0.39029380,1.22165596
0.39529380,1.16977441
0.40029380,1.14627516
0.40529380,1.15665150
0.41029380,1.13315225
0.41529380,1.08127081
0.42029380,1.05777156
0.42529380,1.06814778
0.43029380,1.04434335
0.43529380,0.99276710
0.44029380,0.96774191
0.44529380,0.97293007
0.45029380,0.97415084
0.45529380,0.97415084
0.46029380,0.97537154
0.46529380,0.98055971
0.47029380,0.95706046
0.47529380,0.91067231
0.48029380,0.86062199
0.48529380,0.81423384
0.49029380,0.79073459
0.49529380,0.79592276
0.50029380,0.79836422
0.50529380,0.80355233
0.51029380,0.77852720
0.51529380,0.72695088
0.52029380,0.70192569
0.52529380,0.70711386
0.53029380,0.70833462
0.53529380,0.70833462
0.54029380,0.70833462
0.54529380,0.70833462
0.55029380,0.70955533
0.55529380,0.71474349
0.56029380,0.69002348
0.56529380,0.63814205
0.57029380,0.61342204
0.57529380,0.61861020
0.58029380,0.61983091
0.58529380,0.61983091
0.59029380,0.62105167
0.59529380,0.62623984
0.60029380,0.60151982
0.60529380,0.54963833
0.61029380,0.52491838
0.61529380,0.53010648
0.62029379,0.53254801
0.62529379,0.53773612
0.63029379,0.51301616
0.63529379,0.46113467
0.64029379,0.43641469
0.64529379,0.44160283
0.65029379,0.44282356
0.65529379,0.44282356
0.66029379,0.44404432
0.66529379,0.44923246
0.67029379,0.42451248
0.67529379,0.37263101
0.68029379,0.34791100
0.68529379,0.35309917
0.69029379,0.35431990
0.69529379,0.35431990
0.70029379,0.35431990
0.70529379,0.35431990
0.71029379,0.35431990
0.71529379,0.35431990
0.72029379,0.35431990
0.72529379,0.35431990
0.73029379,0.35554063
0.73529379,0.36072877
0.74029379,0.33600879
0.74529379,0.28412732
0.75029379,0.25940734
0.75529379,0.26459548
0.76029379,0.26581621
0.76529379,0.26581621
0.77029379,0.26581621
0.77529379,0.26581621
0.78029379,0.26581621
0.78529379,0.26581621
0.79029379,0.26581621
0.79529379,0.26581621
0.80029379,0.26581621
0.80529379,0.26581621
0.81029379,0.26581621
0.81529379,0.26581621
0.82029379,0.26581621
0.82529379,0.26581621
0.83029379,0.26581621
0.83529379,0.26581621
0.84029379,0.26703694
0.84529379,0.27222511
0.85029379,0.24597919
0.85529379,0.18921477
0.86029379,0.19043550
0.86529379,0.25269327
0.87029379,0.25513473
0.87529379,0.20355846
0.88029379,0.15106662
0.88529379,0.09918515
0.89029379,0.10162663
0.89529379,0.16418958
0.90029379,0.16541032
0.90529379,0.10834071
0.91029379,0.08209479
0.91529379,0.08728294
0.92029379,0.08850367
0.92529379,0.08850367
0.93029379,0.08850367
0.93529379,0.08850367
0.94029379,0.08850367
0.94529379,0.08850367
0.95029379,0.08850367
0.95529379,0.08850367
0.96029379,0.08850367
0.96529379,0.08850367
0.97029379,0.08850367
0.97529379,0.08850367
0.98029379,0.08850367
0.98529379,0.08850367
0.99029379,0.08972442
0.99529379,0.09491257
1.00029379,0.06866664
1.00529379,0.01190222
1.01029379,0.01190222
1.01529379,0.06866664
1.02029379,0.09491257
1.02529379,0.08972442
1.03029379,0.08850367
1.03529379,0.08850367
1.04029379,0.08850367
1.04529379,0.08850367
1.05029379,0.08972442
1.05529379,0.09491257
1.06029379,0.06866664
1.06529379,0.01190222
1.07029379,0.01312296
1.07529379,0.07538072
1.08029379,0.07660146
1.08529379,0.01983703
1.09029379,-0.00640889
1.09529379,-0.00122074
1.10029379,0.00000000
1.10529379,0.00000000
1.11029379,0.00000000
1.11529379,0.00000000
1.12029379,0.00000000
1.12529379,0.00000000
1.13029379,-0.00122074
1.13529379,-0.00640889
1.14029379,0.01983703
1.14529379,0.07660146
1.15029379,0.07660146
1.15529379,0.01983703
1.16029379,-0.00640889
1.16529379,-0.00122074
1.17029379,0.00000000
1.17529379,0.00000000
1.18029379,0.00000000
1.18529379,0.00000000
1.19029379,0.00000000
1.19529379,0.00000000
1.20029379,0.00000000
1.20529379,0.00000000
1.21029379,0.00000000
1.21529379,0.00000000
1.22029379,0.00000000
1.22529379,0.00000000
1.23029379,0.00000000
1.23529379,0.00000000
1.24029379,0.00000000
1.24529379,0.00000000
1.25029379,0.00000000
1.25529379,0.00000000
1.26029379,0.00000000
1.26529379,0.00000000
1.27029379,0.00000000
1.27529379,0.00000000
1.28029379,0.00000000
1.28529379,0.00000000
1.29029379,0.00000000
1.29529379,0.00000000
1.30029379,0.00000000
1.30529379,0.00000000
1.31029379,0.00000000
1.31529379,0.00000000
1.32029379,0.00000000
1.32529379,0.00000000
1.33029379,0.00000000
1.33529379,0.00000000
1.34029379,0.00000000
1.34529379,0.00000000
1.35029379,0.00000000
1.35529379,0.00000000
1.36029379,0.00000000
1.36529379,0.00000000
1.37029379,0.00000000
1.37529379,0.00000000
1.38029379,0.00000000
1.38529379,0.00000000
1.39029379,0.00000000
1.39529379,0.00000000
1.40029379,0.00000000
1.40529379,0.00000000
1.41029379,0.00000000
1.41529379,0.00000000
1.42029379,0.00000000
1.42529379,0.00000000
1.43029379,0.00000000
1.43529379,0.00000000
1.44029379,0.00000000
1.44529379,0.00000000
1.45029379,0.00000000
1.45529379,0.00000000
1.46029379,0.00000000
1.46529379,0.00000000
1.47029379,0.00000000
1.47529379,0.00000000
1.48029379,0.00000000
1.48529379,0.00000000
1.49029379,0.00000000
1.49529379,0.00000000
1.50029379,0.00000000
1.50529379,0.00000000
1.51029379,0.00000000
1.51529379,0.00000000
1.52029379,0.00000000
1.52529379,0.00000000
1.53029379,0.00000000
1.53529379,0.00000000
1.54029379,0.00000000
1.54529379,0.00000000
1.55029379,0.00000000
1.55529379,0.00000000
1.56029379,0.00000000
1.56529379,0.00000000
1.57029379,0.00000000
1.57529379,0.00000000
1.58029379,0.00000000
1.58529379,0.00000000
1.59029379,0.00000000
1.59529379,0.00000000
1.60029379,0.00000000
1.60529379,0.00000000
1.61029379,0.00000000
1.61529379,0.00000000
1.62029379,0.00000000
1.62529379,0.00000000
1.63029379,0.00000000
1.63529379,0.00000000
1.64029379,0.00000000
1.64529379,0.00000000
1.65029379,0.00000000
1.65529379,0.00000000
1.66029379,0.00000000
1.66529379,0.00000000
1.67029379,0.00000000
1.67529379,0.00000000
1.68029379,0.00000000
1.68529379,0.00000000
1.69029379,0.00000000
1.69529379,0.00000000
1.70029379,0.00000000
1.70529379,0.00000000
1.71029379,0.00000000
1.71529379,0.00000000
1.72029379,0.00000000
1.72529379,0.00000000
1.73029379,0.00000000
1.73529379,0.00000000
1.74029379,0.00000000
1.74529379,0.00000000
1.75029379,0.00000000
1.75529379,0.00000000
1.76029379,0.00000000
1.76529379,0.00000000
1.77029379,0.00000000
1.77529379,0.00000000
1.78029379,0.00000000
1.78529379,0.00000000
1.79029379,0.00000000
1.79529379,0.00000000
1.80029379,0.00000000
1.80529379,0.00000000
1.81029379,0.00000000
1.81529379,0.00000000
1.82029379,0.00000000
1.82529379,0.00000000
1.83029379,0.00000000
1.83529379,0.00000000
1.84029379,0.00000000
1.84529379,0.00000000
1.85029379,0.00000000
1.85529379,0.00000000
1.86029379,0.00000000
1.86529379,0.00000000
1.87029379,0.00000000
1.87529379,0.00000000
1.88029379,0.00000000
1.88529379,0.00000000
1.89029379,0.00000000
1.89529379,0.00000000
1.90029379,0.00000000
1.90529379,0.00000000
1.91029379,0.00000000
1.91529379,0.00000000
1.92029379,0.00000000
1.92529379,0.00000000
1.93029379,0.00000000
1.93529379,0.00000000
1.94029379,0.00000000
1.94529379,0.00000000
1.95029379,0.00000000
1.95529379,0.00000000
1.96029379,0.00000000
1.96529379,0.00000000
1.97029379,0.00000000
1.97529379,0.00000000
1.98029379,0.00000000
1.98529379,0.00000000
1.99029379,0.00000000
1.99529379,0.00000000
2.00029379,0.00000000
2.00529379,0.00000000
2.01029379,0.00000000
2.01529379,0.00000000
2.02029379,0.00000000
2.02529379,0.00000000
2.03029379,0.00000000
2.03529379,0.00000000
2.04029379,0.00000000
2.04529379,0.00000000
2.05029379,0.00000000
2.05529379,0.00000000
2.06029379,0.00000000
2.06529379,0.00000000
2.07029379,0.00000000
2.07529379,0.00000000
2.08029379,0.00000000
2.08529379,0.00000000
2.09029379,0.00000000
2.09529379,0.00000000
2.10029379,0.00000000
2.10529379,0.00000000
2.11029379,0.00000000
2.11529379,0.00000000
2.12029379,0.00000000
2.12529379,0.00000000
2.13029379,0.00000000
2.13529379,0.00000000
2.14029379,0.00000000
2.14529379,0.00000000
2.15029379,0.00000000
2.15529379,0.00000000
2.16029379,0.00000000
2.16529379,0.00000000
2.17029379,0.00000000
2.17529379,0.00000000
2.18029379,0.00000000
2.18529379,0.00000000
2.19029379,0.00000000
2.19529379,0.00000000
2.20029379,0.00000000
2.20529379,0.00000000
2.21029379,0.00000000
2.21529379,0.00000000
2.22029379,0.00000000
2.22529379,0.00000000
2.23029379,0.00000000
2.23529379,0.00000000
2.24029379,0.00000000
2.24529379,0.00000000
2.25029379,0.00000000
2.25529379,0.00000000
2.26029379,0.00000000
2.26529378,0.00000000
2.27029378,0.00000000
2.27529378,0.00000000
2.28029378,0.00000000
2.28529378,0.00000000
2.29029378,0.00000000
2.29529378,0.00000000
2.30029378,0.00000000
2.30529378,0.00000000
2.31029378,0.00000000
2.31529378,0.00000000
2.32029378,0.00000000
2.32529378,0.00000000
2.33029378,0.00000000
2.33529378,0.00000000
2.34029378,0.00000000
2.34529378,0.00000000
2.35029378,0.00000000
2.35529378,0.00000000
2.36029378,0.00000000
2.36529378,0.00000000
2.37029378,0.00000000
2.37529378,0.00000000
2.38029378,0.00000000
2.38529378,0.00000000
2.39029378,0.00000000
2.39529378,0.00000000
2.40029378,0.00000000
2.40529378,0.00000000
2.41029378,0.00000000
2.41529378,0.00000000
2.42029378,0.00000000
2.42529378,0.00000000
2.43029378,0.00000000
2.43529378,0.00000000
2.44029378,0.00000000
2.44529378,0.00000000
2.45029378,0.00000000
2.45529378,0.00000000
2.46029378,0.00000000
2.46529378,0.00000000
2.47029378,0.00000000
2.47529378,0.00000000
2.48029378,0.00000000
2.48529378,0.00000000
2.49029378,0.00000000
2.49529378,0.00000000
2.50029378,0.00000000
2.50529378,0.00000000
2.51029378,0.00000000
2.51529378,0.00000000
2.52029378,0.00000000
2.52529378,0.00000000
2.53029378,0.00000000
2.53529378,0.00000000
2.54029378,0.00000000
2.54529378,0.00000000
2.55029378,0.00000000
2.55529378,0.00000000
2.56029378,0.00000000
2.56529378,0.00000000
2.57029378,0.00000000
2.57529378,0.00000000
2.58029378,0.00000000
2.58529378,0.00000000
2.59029378,0.00000000
2.59529378,0.00000000
2.60029378,0.00000000
2.60529378,0.00000000
2.61029378,0.00000000
2.61529378,0.00000000
2.62029378,0.00000000
2.62529378,0.00000000
2.63029378,0.00000000
2.63529378,0.00000000
2.64029378,0.00000000
2.64529378,0.00000000
2.65029378,0.00000000
2.65529378,0.00000000
2.66029378,0.00000000
2.66529378,0.00000000
2.67029378,0.00000000
2.67529378,0.00000000
2.68029378,0.00000000
2.68529378,0.00000000
2.69029378,0.00000000
2.69529378,0.00000000
2.70029378,0.00000000
2.70529378,0.00000000
2.71029378,0.00000000
2.71529378,0.00000000
2.72029378,0.00000000
2.72529378,0.00000000
2.73029378,0.00000000
2.73529378,0.00000000
2.74029378,0.00000000
2.74529378,0.00000000
2.75029378,0.00000000
2.75529378,0.00000000
2.76029378,0.00000000
2.76529378,0.00000000
2.77029378,0.00000000
2.77529378,0.00000000
2.78029378,0.00000000
2.78529378,0.00000000
2.79029378,0.00000000
2.79529378,0.00000000
2.80029378,0.00000000
2.80529378,0.00000000
2.81029378,0.00000000
2.81529378,0.00000000
2.82029378,0.00000000
2.82529378,0.00000000
2.83029378,0.00000000
2.83529378,0.00000000
2.84029378,0.00000000
2.84529378,0.00000000
2.85029378,-0.00122074
2.85529378,-0.00640889
2.86029378,0.01983703
2.86529378,0.07660146
2.87029378,0.07660146
2.87529378,0.01983703
2.88029378,-0.00640889
2.88529378,-0.00122074
2.89029378,0.00000000
2.89529378,0.00000000
2.90029378,0.00000000
2.90529378,0.00000000
2.91029378,0.00000000
2.91529378,0.00000000
2.92029378,0.00000000
2.92529378,0.00000000
2.93029378,0.00000000
2.93529378,0.00000000
2.94029378,0.00000000
2.94529378,0.00000000
2.95029378,0.00000000
2.95529378,0.00000000
2.96029378,0.00000000
2.96529378,0.00000000
2.97029378,0.00000000
2.97529378,0.00000000
2.98029378,0.00000000
2.98529378,0.00000000
2.99029378,0.00000000
2.99529378,0.00000000
3.00029378,0.00000000
3.00529378,0.00000000
3.01029378,0.00000000
3.01529378,0.00000000
3.02029378,0.00000000
3.02529378,0.00000000
3.03029378,0.00000000
3.03529378,0.00000000
3.04029378,0.00000000
3.04529378,0.00000000
3.05029378,0.00000000
3.05529378,0.00000000
3.06029378,0.00000000
3.06529378,0.00000000
3.07029378,-0.00122074
3.07529378,-0.00640889
3.08029378,0.01983703
3.08529378,0.07660146
3.09029378,0.07660146
3.09529378,0.01983703
3.10029378,-0.00640889
3.10529378,-0.00122074
3.11029378,0.00000000
3.11529378,0.00000000
3.12029378,-0.00122074
3.12529378,-0.00640889
3.13029378,0.01983703
3.13529378,0.07660146
3.14029378,0.07660146
3.14529378,0.01983703
3.15029378,-0.00640889
3.15529378,-0.00122074
3.16029378,0.00000000
3.16529378,0.00000000
3.17029378,0.00000000
3.17529378,0.00000000
3.18029378,0.00000000
3.18529378,0.00000000
3.19029378,0.00000000
3.19529378,0.00000000
3.20029378,0.00000000
3.20529378,0.00000000
3.21029378,0.00000000
3.21529378,0.00000000
3.22029378,0.00000000
3.22529378,0.00000000
3.23029378,0.00000000
3.23529378,0.00000000
3.24029378,0.00000000
3.24529378,0.00000000
3.25029378,0.00000000
3.25529378,0.00000000
3.26029378,0.00000000
3.26529378,0.00000000
3.27029378,0.00000000
3.27529378,0.00000000
3.28029378,0.00000000
3.28529378,0.00000000
3.29029378,0.00000000
3.29529378,0.00000000
3.30029378,0.00000000
3.30529378,0.00000000
3.31029378,0.00000000
3.31529378,0.00000000
3.32029378,0.00000000
3.32529378,0.00000000
3.33029378,0.00000000
3.33529378,0.00000000
3.34029378,0.00000000
3.34529378,0.00000000
3.35029378,0.00000000
3.35529378,0.00000000
3.36029378,0.00000000
3.36529378,0.00000000
3.37029378,0.00000000
3.37529378,0.00000000
3.38029378,0.00000000
3.38529378,0.00000000
3.39029378,0.00000000
3.39529378,0.00000000
3.40029378,0.00000000
3.40529378,0.00000000
3.41029378,0.00000000
3.41529378,0.00000000
3.42029378,0.00000000
3.42529378,0.00000000
3.43029378,0.00000000
3.43529378,0.00000000
3.44029378,0.00000000
3.44529378,0.00000000
3.45029378,0.00000000
3.45529378,0.00000000
3.46029378,0.00000000
3.46529378,0.00000000
3.47029378,0.00000000
3.47529378,0.00000000
3.48029378,0.00000000
3.48529378,0.00000000
3.49029378,0.00000000
3.49529378,0.00000000
3.50029378,0.00000000
3.50529378,0.00000000
3.51029378,0.00000000
3.51529378,0.00000000
3.52029378,0.00000000
3.52529378,0.00000000
3.53029378,0.00000000
3.53529378,0.00000000
3.54029378,0.00000000
3.54529378,0.00000000
3.55029378,0.00000000
3.55529378,0.00000000
3.56029378,0.00000000
3.56529378,0.00000000
3.57029378,0.00000000
3.57529378,0.00000000
3.58029378,0.00000000
3.58529378,0.00000000
3.59029378,0.00000000
3.59529378,0.00000000
3.60029378,0.00000000
3.60529378,0.00000000
3.61029378,0.00000000
3.61529378,0.00000000
3.62029378,0.00000000
3.62529378,0.00000000
3.63029378,0.00000000
3.63529378,0.00000000
3.64029378,0.00000000
3.64529378,0.00000000
3.65029378,0.00000000
3.65529378,0.00000000
3.66029378,0.00000000
3.66529378,0.00000000
3.67029378,-0.00122074
3.67529378,-0.00640889
3.68029378,0.01983703
3.68529378,0.07660146
3.69029378,0.07660146
3.69529378,0.01983703
3.70029378,-0.00640889
3.70529378,-0.00122074
3.71029378,0.00000000
3.71529378,0.00000000
3.72029378,0.00000000
3.72529378,0.00000000
3.73029378,0.00000000
3.73529378,0.00000000
3.74029378,0.00000000
3.74529378,0.00000000
3.75029378,0.00000000
3.75529378,0.00000000
3.76029378,0.00000000
3.76529378,0.00000000
3.77029378,0.00000000
3.77529378,0.00000000
3.78029378,0.00000000
3.78529378,0.00000000
3.79029378,0.00000000
3.79529378,0.00000000
3.80029378,0.00000000
3.80529378,0.00000000
3.81029378,0.00000000
3.81529378,0.00000000
3.82029378,0.00000000
3.82529378,0.00000000
3.83029378,0.00000000
3.83529378,0.00000000
3.84029378,0.00000000
3.84529378,0.00000000
3.85029378,0.00000000
3.85529378,0.00000000
3.86029378,0.00000000
3.86529378,0.00000000
3.87029378,0.00000000
3.87529378,0.00000000
3.88029378,0.00000000
3.88529378,0.00000000
3.89029378,0.00000000
3.89529378,0.00000000
3.90029378,-0.00122074
3.90529378,-0.00640889
3.91029378,0.01983703
3.91529377,0.07660146
3.92029377,0.07660146
3.92529377,0.01983703
3.93029377,-0.00640889
3.93529377,-0.00122074
3.94029377,0.00000000
3.94529377,0.00000000
3.95029377,0.00000000
3.95529377,0.00000000
3.96029377,0.00000000
3.96529377,0.00000000
3.97029377,0.00000000
3.97529377,0.00000000
3.98029377,0.00000000
3.98529377,0.00000000
3.99029377,0.00000000
3.99529377,0.00000000
4.00029377,0.00000000
4.00529377,0.00000000
4.01029377,0.00000000
4.01529377,0.00000000
4.02029377,0.00000000
4.02529377,0.00000000
4.03029377,0.00000000
4.03529377,0.00000000
4.04029377,0.00000000
4.04529377,0.00000000
4.05029377,0.00000000
4.05529377,0.00000000
4.06029377,0.00000000
4.06529377,0.00000000
4.07029377,0.00000000
4.07529377,0.00000000
4.08029377,-0.00122074
4.08529377,-0.00640889
4.09029377,0.01983703
4.09529377,0.07660146
4.10029377,0.07660146
4.10529377,0.01983703
4.11029377,-0.00640889
4.11529377,-0.00122074
4.12029377,0.00000000
4.12529377,0.00000000
4.13029377,0.00000000
4.13529377,0.00000000
4.14029377,0.00000000
4.14529377,0.00000000
4.15029377,-0.00122074
4.15529377,-0.00640889
4.16029377,0.01983703
4.16529377,0.07660146
4.17029377,0.07660146
4.17529377,0.01983703
4.18029377,-0.00640889
4.18529377,-0.00122074
4.19029377,0.00000000
4.19529377,0.00000000
4.20029377,0.00000000
4.20529377,0.00000000
4.21029377,0.00000000
4.21529377,0.00000000
4.22029377,0.00000000
4.22529377,0.00000000
4.23029377,0.00000000
4.23529377,0.00000000
4.24029377,0.00000000
4.24529377,0.00000000
4.25029377,0.00000000
4.25529377,0.00000000
4.26029377,0.00000000
4.26529377,0.00000000
4.27029377,0.00000000
4.27529377,0.00000000
4.28029377,0.00000000
4.28529377,0.00000000
4.29029377,0.00000000
4.29529377,0.00000000
4.30029377,0.00000000
4.30529377,0.00000000
4.31029377,0.00000000
4.31529377,0.00000000
4.32029377,0.00000000
4.32529377,0.00000000
4.33029377,0.00000000
4.33529377,0.00000000
4.34029377,0.00000000
4.34529377,0.00000000
4.35029377,0.00000000
4.35529377,0.00000000
4.36029377,0.00000000
4.36529377,0.00000000
4.37029377,0.00000000
4.37529377,0.00000000
4.38029377,0.00000000
4.38529377,0.00000000
4.39029377,0.00000000
4.39529377,0.00000000
4.40029377,0.00000000
4.40529377,0.00000000
4.41029377,0.00000000
4.41529377,0.00000000
4.42029377,0.00000000
4.42529377,0.00000000
4.43029377,0.00000000
4.43529377,0.00000000
4.44029377,0.00000000
4.44529377,0.00000000
4.45029377,0.00000000
4.45529377,0.00000000
4.46029377,0.00000000
4.46529377,0.00000000
4.47029377,0.00000000
4.47529377,0.00000000
4.48029377,0.00000000
4.48529377,0.00000000
4.49029377,0.00000000
4.49529377,0.00000000
4.50029377,0.00000000
4.50529377,0.00000000
4.51029377,0.00000000
4.51529377,0.00000000
4.52029377,0.00000000
4.52529377,0.00000000
4.53029377,0.00000000
4.53529377,0.00000000
4.54029377,0.00000000
4.54529377,0.00000000
4.55029377,0.00000000
4.55529377,0.00000000
4.56029377,0.00000000
4.56529377,0.00000000
4.57029377,0.00000000
4.57529377,0.00000000
4.58029377,0.00000000
4.58529377,0.00000000
4.59029377,0.00000000
4.59529377,0.00000000
4.60029377,0.00000000
4.60529377,0.00000000
4.61029377,0.00000000
4.61529377,0.00000000
4.62029377,0.00000000
4.62529377,0.00000000
4.63029377,0.00000000
4.63529377,0.00000000
4.64029377,0.00000000
4.64529377,0.00000000
4.65029377,0.00000000
4.65529377,0.00000000
4.66029377,0.00000000
4.66529377,0.00000000
4.67029377,0.00000000
4.67529377,0.00000000
4.68029377,0.00000000
4.68529377,0.00000000
4.69029377,0.00000000
4.69529377,0.00000000
4.70029377,0.00000000
4.70529377,0.00000000
4.71029377,0.00000000
4.71529377,0.00000000
4.72029377,0.00000000
4.72529377,0.00000000
4.73029377,0.00000000
4.73529377,0.00000000
4.74029377,0.00000000
4.74529377,0.00000000
4.75029377,0.00000000
4.75529377,0.00000000
4.76029377,0.00000000
4.76529377,0.00000000
4.77029377,0.00000000
4.77529377,0.00000000
4.78029377,0.00000000
4.78529377,0.00000000
4.79029377,0.00000000
4.79529377,0.00000000
4.80029377,0.00000000
4.80529377,0.00000000
4.81029377,0.00000000
4.81529377,0.00000000
4.82029377,0.00000000
4.82529377,0.00000000
4.83029377,0.00000000
4.83529377,0.00000000
4.84029377,0.00000000
4.84529377,0.00000000
4.85029377,0.00000000
4.85529377,0.00000000
4.86029377,0.00000000
4.86529377,0.00000000
4.87029377,0.00000000
4.87529377,0.00000000
4.88029377,0.00000000
4.88529377,0.00000000
4.89029377,-0.00122074
4.89529377,-0.00640889
4.90029377,0.01983703
4.90529377,0.07660146
4.91029377,0.07660146
4.91529377,0.01983703
4.92029377,-0.00640889
4.92529377,-0.00122074
4.93029377,0.00000000
4.93529377,0.00000000
4.94029377,0.00000000
4.94529377,0.00000000
4.95029377,0.00000000
4.95529377,0.00000000
4.96029377,0.00000000
4.96529377,0.00000000
4.97029377,0.00000000
4.97529377,0.00000000
4.98029377,0.00000000
4.98529377,0.00000000
4.99029377,0.00000000
4.99529377,0.00000000
5.00029377,0.00000000
5.00529377,0.00000000
